"PointID","x","y","Density","Momentum_x","Momentum_y","Energy","Pressure","Temperature","Mach","Pressure_Coefficient"
0, 1.868553667329603e-04, 9.823874347339191e-04, 1.441333134474159e+00, 4.404640020017334e+01, 2.392733646364543e+02, 3.184351502903422e+05, 1.191605767819542e+05, 2.880040343334923e+02, 4.961561467771843e-01, 4.731702699805277e-01
1, 3.782331347215862e-04, 1.988551281385083e-03, 1.427352005895158e+00, 5.127624562013186e+01, 2.636190437620295e+02, 3.167550075671877e+05, 1.165959810643851e+05, 2.845658868872337e+02, 5.563771847716438e-01, 4.051326358233371e-01
2, 5.742367898260577e-04, 3.019035614284838e-03, 1.324192689689844e+00, 9.414170609479595e+01, 2.848816276594855e+02, 2.968768280742794e+05, 1.051544920561755e+05, 2.766349125990396e+02, 6.795422553563714e-01, 1.015947963029839e-01
3, 1.063419981391275e-03, 3.967502858001105e-03, 1.241363976493453e+00, 1.425838236816381e+02, 2.655459291726539e+02, 2.796574333275017e+05, 9.722668792299992e+04, 2.728454391266613e+02, 7.332358207502687e-01, -1.087264771779426e-01
4, 1.611809893567200e-03, 4.921264050772190e-03, 1.238430155357589e+00, 1.548278758739953e+02, 2.671409603877392e+02, 2.795640421581299e+05, 9.642935677509067e+04, 2.712489693870611e+02, 7.551339026928039e-01, -1.298793335801995e-01
5, 2.173401389034162e-03, 5.897985472290312e-03, 1.170176162425353e+00, 1.795059425694734e+02, 2.695761711265724e+02, 2.665707162072022e+05, 8.870043957825558e+04, 2.640613690054875e+02, 8.496149890803762e-01, -3.349242211884207e-01
6, 2.882576229352439e-03, 6.797322261413477e-03, 1.083528741588303e+00, 2.091331310556214e+02, 2.426896608749983e+02, 2.485065358240807e+05, 8.045804293777408e+04, 2.586779282450050e+02, 9.170196546650173e-01, -5.535915001524097e-01
7, 3.703374516848503e-03, 7.647083471171387e-03, 1.075170255003872e+00, 2.231372425263579e+02, 2.266532346180624e+02, 2.466033880854173e+05, 7.982351363293460e+04, 2.586330043871210e+02, 9.175726674804130e-01, -5.704252928663763e-01
8, 4.543845662965814e-03, 8.517211721645700e-03, 1.085715831463141e+00, 2.263079027353230e+02, 2.347048857016979e+02, 2.494360320710502e+05, 8.019255777350161e+04, 2.573050087877105e+02, 9.338580509808165e-01, -5.606347087007157e-01
9, 5.404430233222916e-03, 9.408163124275391e-03, 9.959229389870120e-01, 2.444536502265279e+02, 2.183687082603692e+02, 2.313882120852621e+05, 7.097882030048147e+04, 2.482752264409035e+02, 1.041949661129215e+00, -8.050712470272865e-01
10, 6.427403719541700e-03, 1.015764409932676e-02, 9.346438376806687e-01, 2.538273655951718e+02, 1.853264894523006e+02, 2.177847363700937e+05, 6.597766377529559e+04, 2.459127983103910e+02, 1.069636683251106e+00, -9.377498036092845e-01
11, 7.476038329059680e-03, 1.092355981888888e-02, 9.798944176765092e-01, 2.578406984020424e+02, 1.840881004763942e+02, 2.271333057908167e+05, 7.036738981607741e+04, 2.501626699950652e+02, 1.019678194518040e+00, -8.212922378545926e-01
12, 8.549646473901920e-03, 1.170771604196317e-02, 9.995193790858092e-01, 2.610965896403585e+02, 1.914567181158041e+02, 2.317388793510319e+05, 7.172004966873142e+04, 2.499652906367812e+02, 1.022014072891057e+00, -7.854067469900808e-01
13, 9.652148415350233e-03, 1.250526531184468e-02, 9.261520295187630e-01, 2.690473367537168e+02, 1.751421149411247e+02, 2.167428835577195e+05, 6.444136246102089e+04, 2.423889272023523e+02, 1.110606329154566e+00, -9.785072243831558e-01
14, 1.086810142679754e-02, 1.318571958215246e-02, 8.707550119308944e-01, 2.707382803530184e+02, 1.508671235530440e+02, 2.045921987782316e+05, 5.977324413705201e+04, 2.391339237227149e+02, 1.148169765436207e+00, -1.102350419064040e+00
15, 1.211286156454965e-02, 1.388229448535055e-02, 9.010168444040026e-01, 2.738005558077969e+02, 1.503024059783325e+02, 2.108629091516681e+05, 6.269017281128625e+04, 2.423800675529081e+02, 1.110708903213135e+00, -1.024965541346049e+00
16, 1.338705726135410e-02, 1.459534169600418e-02, 9.301919756157115e-01, 2.781462468989592e+02, 1.559452276406814e+02, 2.173384717891935e+05, 6.507232144495106e+04, 2.436991738946508e+02, 1.095414233337373e+00, -9.617681507651417e-01
17, 1.469132797689439e-02, 1.532521905941514e-02, 8.982830964847756e-01, 2.817190881874461e+02, 1.473045906962262e+02, 2.108748278938555e+05, 6.184827494585555e+04, 2.398527536781203e+02, 1.139893904790773e+00, -1.047300733818486e+00
18, 1.607283572671147e-02, 1.598002399408070e-02, 8.533772441562414e-01, 2.814392402901508e+02, 1.302902485346081e+02, 2.011652417544812e+05, 5.792422662101556e+04, 2.364555604961654e+02, 1.178924066729245e+00, -1.151404067732520e+00
19, 1.750019115978857e-02, 1.662370765409347e-02, 8.600827495622305e-01, 2.833640621311529e+02, 1.262756382375135e+02, 2.025033598142042e+05, 5.862193251003722e+04, 2.374380075272485e+02, 1.167656896964541e+00, -1.132894227097066e+00
20, 1.896103729092841e-02, 1.728249436034535e-02, 8.848974091359140e-01, 2.864056900834080e+02, 1.285879608792368e+02, 2.078113347724179e+05, 6.084780849929998e+04, 2.395423815389707e+02, 1.143468458527984e+00, -1.073842683339408e+00
21, 2.045608869723833e-02, 1.795670636025780e-02, 8.872397350260481e-01, 2.897751227777063e+02, 1.282087406747611e+02, 2.085741964201008e+05, 6.079608834379382e+04, 2.387069145478519e+02, 1.153081196388712e+00, -1.075214797078339e+00
22, 2.199804126817281e-02, 1.861774668310968e-02, 8.552905501703013e-01, 2.898201421099681e+02, 1.175047448329191e+02, 2.018146420929587e+05, 5.785571526683232e+04, 2.356475553881861e+02, 1.188180107811590e+00, -1.153221644834283e+00
23, 2.360478437504562e-02, 1.922450197171442e-02, 8.394263287032633e-01, 2.892743566240289e+02, 1.087628670709889e+02, 1.982926323405723e+05, 5.656127047196223e+04, 2.347290896705613e+02, 1.198691133844092e+00, -1.187562714963469e+00
24, 2.524890271936479e-02, 1.984537129191913e-02, 8.577365551492014e-01, 2.915794859410228e+02, 1.092791096521379e+02, 2.021581700457453e+05, 5.825480628353410e+04, 2.365964306257517e+02, 1.177309396367500e+00, -1.142633929817932e+00
25, 2.693117780562455e-02, 2.048064976369843e-02, 8.744037268404921e-01, 2.946690659634498e+02, 1.113883571086092e+02, 2.058367660557511e+05, 5.963644439779974e+04, 2.375910559291007e+02, 1.165900304463994e+00, -1.105979657991751e+00
26, 2.865240315495359e-02, 2.113063704487530e-02, 8.624310526500719e-01, 2.958785480469065e+02, 1.070015352099906e+02, 2.034250607999589e+05, 5.841318772940529e+04, 2.359483079447503e+02, 1.184735909413140e+00, -1.138432137388174e+00
27, 3.043302092817373e-02, 2.173971366449125e-02, 8.399832424672601e-01, 2.946095294442381e+02, 9.837120316417852e+01, 1.985663483137260e+05, 5.645663621933795e+04, 2.341395190099915e+02, 1.205432972458050e+00, -1.190338617204743e+00
28, 3.226441915318979e-02, 2.233504250326176e-02, 8.425098731355075e-01, 2.954971461114101e+02, 9.557258233373754e+01, 1.990618518619625e+05, 5.672822999056291e+04, 2.345603383720086e+02, 1.200621234010766e+00, -1.183133349910805e+00
29, 3.413790572767347e-02, 2.294405291487212e-02, 8.592712271255472e-01, 2.973335347702103e+02, 9.638604046688161e+01, 2.025846633835170e+05, 5.829424679951872e+04, 2.363337635302159e+02, 1.180319886481906e+00, -1.141587589695335e+00
30, 3.605433566272997e-02, 2.356702283601651e-02, 8.696762990281244e-01, 3.000944570697240e+02, 9.769499890627851e+01, 2.049594596539495e+05, 5.907848079960700e+04, 2.366475592960799e+02, 1.176723281420280e+00, -1.120782195057067e+00
31, 3.801457584855774e-02, 2.420423406490142e-02, 8.529787945336013e-01, 2.999973241415749e+02, 9.210046862977445e+01, 2.014711069183585e+05, 5.749739022417263e+04, 2.348227898847047e+02, 1.197619290436966e+00, -1.162727855889236e+00
32, 4.004107507838731e-02, 2.478533448444999e-02, 8.377470181087796e-01, 2.984849092983563e+02, 8.541977476575865e+01, 1.981112310297147e+05, 5.623282494752850e+04, 2.338338370444011e+02, 1.208927003217710e+00, -1.196276235101906e+00
33, 4.211415525219071e-02, 2.537797067692089e-02, 8.485540813617127e-01, 3.001077709613893e+02, 8.540324774349594e+01, 2.004085882167613e+05, 5.721654455693151e+04, 2.348942819416241e+02, 1.196801417856538e+00, -1.170178572051429e+00
34, 4.423422802264493e-02, 2.598404075096828e-02, 8.619349058645029e-01, 3.019186201496727e+02, 8.627638806995409e+01, 2.032614417258188e+05, 5.842617423542579e+04, 2.361366110297747e+02, 1.182578849336120e+00, -1.138087610904117e+00
35, 4.640221649261185e-02, 2.660380859612826e-02, 8.641857193225562e-01, 3.035144048776179e+02, 8.556815065271789e+01, 2.038465837316398e+05, 5.852439010703384e+04, 2.359174995334018e+02, 1.185088781318555e+00, -1.135481985582699e+00
36, 4.862387241332403e-02, 2.721971879882791e-02, 8.512116715289453e-01, 3.029547591830491e+02, 8.073586928374367e+01, 2.010917475202905e+05, 5.734024251237881e+04, 2.346671510228075e+02, 1.199399598078041e+00, -1.166896917878391e+00
37, 5.090828861202341e-02, 2.780189918225574e-02, 8.459064167072970e-01, 3.024504729997397e+02, 7.700418109069864e+01, 1.998937455036728e+05, 5.692754344539353e+04, 2.344393288166771e+02, 1.202005085229141e+00, -1.177845648683874e+00
38, 5.324385443023884e-02, 2.839711497714624e-02, 8.565719702924058e-01, 3.038028083848623e+02, 7.723561054263725e+01, 2.021445454135354e+05, 5.791485731067591e+04, 2.355355562571013e+02, 1.189462407975979e+00, -1.151652631552863e+00
39, 5.563154404604154e-02, 2.900561445146536e-02, 8.659850049280788e-01, 3.055528383790663e+02, 7.786188464810715e+01, 2.041996709815811e+05, 5.871757469085725e+04, 2.362044537546171e+02, 1.181801572867036e+00, -1.130356880698158e+00
40, 5.807234185792674e-02, 2.962764847784031e-02, 8.618288691103135e-01, 3.061520999609730e+02, 7.567942473886212e+01, 2.033826821712276e+05, 5.827274051852230e+04, 2.355454669010238e+02, 1.189348945655446e+00, -1.142158142187680e+00
41, 6.057630210408266e-02, 3.022601511352476e-02, 8.517443221613478e-01, 3.053210408370991e+02, 7.149496909747390e+01, 2.012024096155692e+05, 5.739129573207475e+04, 2.347292051314894e+02, 1.198689813197499e+00, -1.165542497662985e+00
42, 6.314142617212523e-02, 3.081338335924501e-02, 8.538356746604299e-01, 3.056871142514468e+02, 6.989778595952025e+01, 2.016151844187636e+05, 5.761346568620783e+04, 2.350607132050844e+02, 1.194897198534890e+00, -1.159648423226038e+00
43, 6.576300294947070e-02, 3.141367828139488e-02, 8.637599842129884e-01, 3.067747396849738e+02, 7.016949399591698e+01, 2.036948151749708e+05, 5.854690342330681e+04, 2.361245780355047e+02, 1.182716705080820e+00, -1.134884716872566e+00
44, 6.844206062106181e-02, 3.202713531622230e-02, 8.697412393234103e-01, 3.085129441455081e+02, 7.057737909368713e+01, 2.050643692976785e+05, 5.899328734660910e+04, 2.362886602681885e+02, 1.180836725772712e+00, -1.123042341148691e+00
45, 7.117983700417183e-02, 3.265306857364084e-02, 8.602560130340232e-01, 3.081971473985486e+02, 6.719598320419065e+01, 2.030790901871203e+05, 5.809880577414427e+04, 2.352717776364950e+02, 1.192481822234578e+00, -1.146772557014994e+00
46, 7.398987034725377e-02, 3.323438097822692e-02, 8.529871668238662e-01, 3.071951522702680e+02, 6.357253653089662e+01, 2.014609430494588e+05, 5.751009596283091e+04, 2.348723755274606e+02, 1.197052034771491e+00, -1.162390778043942e+00
47, 7.686079740624296e-02, 3.382829048330839e-02, 8.608275933506582e-01, 3.082427061636098e+02, 6.364298080407842e+01, 2.031195858355158e+05, 5.823184468101684e+04, 2.356539445458046e+02, 1.188106952176412e+00, -1.143243091371556e+00
48, 7.979368211748424e-02, 3.443501718570242e-02, 8.684074046412740e-01, 3.095587150290114e+02, 6.401712946925556e+01, 2.047614584250447e+05, 5.889123954502514e+04, 2.362422242286626e+02, 1.181368807208840e+00, -1.125749625943386e+00
49, 8.278959482688422e-02, 3.505478250817409e-02, 8.666959042373626e-01, 3.101428840551204e+02, 6.263273775303033e+01, 2.044535323861068e+05, 5.867954576457536e+04, 2.358578549319143e+02, 1.185771899165776e+00, -1.131365771946019e+00
50, 8.585541854367955e-02, 3.565836526497024e-02, 8.593258627902542e-01, 3.094891861272257e+02, 5.953948941537586e+01, 2.028666230222019e+05, 5.802887481605290e+04, 2.352429474303861e+02, 1.192811781606332e+00, -1.148627795604955e+00
51, 8.899207325971117e-02, 3.624680710575998e-02, 8.601349777055064e-01, 3.095490919658959e+02, 5.803846530316144e+01, 2.030034018828856e+05, 5.813774716630686e+04, 2.354626000997384e+02, 1.190297609714923e+00, -1.145739458435214e+00
52, 9.219524207171403e-02, 3.684772710580383e-02, 8.675268922854019e-01, 3.104754793788557e+02, 5.819334735073099e+01, 2.045635963605125e+05, 5.882177379127729e+04, 2.362030578899603e+02, 1.181817566016890e+00, -1.127592522859875e+00
53, 9.546601852026744e-02, 3.746133041520268e-02, 8.709994711994400e-01, 3.117167388401387e+02, 5.813043169216088e+01, 2.053766214811861e+05, 5.906304046261247e+04, 2.362263033820232e+02, 1.181551227179495e+00, -1.121191820633723e+00
54, 9.880671755878988e-02, 3.808101702075139e-02, 8.638683547552464e-01, 3.113214752837099e+02, 5.545343282103084e+01, 2.038752881708720e+05, 5.839933225053737e+04, 2.354998644138579e+02, 1.189871016635565e+00, -1.138799717352466e+00
55, 1.022261449346522e-01, 3.866394344405556e-02, 8.599730969655679e-01, 3.106631565479009e+02, 5.297762585404018e+01, 2.029928468733255e+05, 5.809915439891676e+04, 2.353505901500658e+02, 1.191579766056179e+00, -1.146763308147983e+00
56, 1.057166863650978e-01, 3.925899302627735e-02, 8.665807899212016e-01, 3.114641251850705e+02, 5.303222882122994e+01, 2.043830938434749e+05, 5.871503504501174e+04, 2.360318510118637e+02, 1.183778962605440e+00, -1.130424256422816e+00
57, 1.092794457485922e-01, 3.986635395435965e-02, 8.716886588766004e-01, 3.127355720255180e+02, 5.328646279489408e+01, 2.055288577015994e+05, 5.912004496317553e+04, 2.362673473533850e+02, 1.181080940908373e+00, -1.119679515466849e+00
58, 1.129155265430210e-01, 4.048621434013751e-02, 8.668712374518945e-01, 3.126515291034170e+02, 5.129422560160051e+01, 2.045328128634845e+05, 5.865349730358451e+04, 2.357054717866260e+02, 1.187516947015020e+00, -1.132056826542700e+00
59, 1.166336767362136e-01, 4.107178959175413e-02, 8.618790976187398e-01, 3.118996094145908e+02, 4.877774205255985e+01, 2.034264521542240e+05, 5.824422015795056e+04, 2.354164637752784e+02, 1.190825742776880e+00, -1.142914775229417e+00
60, 1.204289494962505e-01, 4.166041321652497e-02, 8.661810650884728e-01, 3.123930155895476e+02, 4.840531042037800e+01, 2.043221703693369e+05, 5.865460012368894e+04, 2.358977170475938e+02, 1.185315358259962e+00, -1.132027569194147e+00
61, 1.243010285594178e-01, 4.226094902980303e-02, 8.711502755906743e-01, 3.134959304397694e+02, 4.859027761353821e+01, 2.054219245395926e+05, 5.906352235147294e+04, 2.361873373748762e+02, 1.181997681967882e+00, -1.121179036327109e+00
62, 1.282510081242551e-01, 4.287356673509878e-02, 8.683518530941208e-01, 3.136478457117276e+02, 4.713996457959128e+01, 2.048610759975219e+05, 5.877475625788175e+04, 2.357900348487570e+02, 1.186548593606385e+00, -1.128839878033334e+00
63, 1.322856125077760e-01, 4.346036402786465e-02, 8.635709134099462e-01, 3.129969660857756e+02, 4.485344615307715e+01, 2.038136332061404e+05, 5.837068258367833e+04, 2.354654062625820e+02, 1.190265486085702e+00, -1.139559780835037e+00
64, 1.364030542806730e-01, 4.404088852530200e-02, 8.660046943246116e-01, 3.132026829999036e+02, 4.413445897748259e+01, 2.043056394674852e+05, 5.861758400791177e+04, 2.357968579025893e+02, 1.186470456908213e+00, -1.133009591009871e+00
65, 1.406018056931808e-01, 4.463287699485489e-02, 8.705137303463336e-01, 3.142157170454755e+02, 4.426796825355841e+01, 2.053042312084305e+05, 5.898795746195205e+04, 2.360576493877468e+02, 1.183483434869645e+00, -1.123183740722867e+00
66, 1.448829327079446e-01, 4.523647972824888e-02, 8.682443851918540e-01, 3.144026797192805e+02, 4.300253203698821e+01, 2.048564559957279e+05, 5.874674848477711e+04, 2.357068457343034e+02, 1.187501214374131e+00, -1.129582912347474e+00
67, 1.492523617686581e-01, 4.581560143683983e-02, 8.637052883778458e-01, 3.137719938905723e+02, 4.087209686881053e+01, 2.038640944322665e+05, 5.836101825053133e+04, 2.353897931012461e+02, 1.191131035678956e+00, -1.139816171485042e+00
68, 1.537091319843579e-01, 4.638529773086875e-02, 8.655419517408692e-01, 3.138792019521993e+02, 4.010500905644702e+01, 2.042281071756588e+05, 5.855462540922004e+04, 2.356695268483671e+02, 1.187928533048850e+00, -1.134679855868965e+00
69, 1.582515537271022e-01, 4.696594261662970e-02, 8.694885208558413e-01, 3.148756379810937e+02, 4.021602464299178e+01, 2.051133524926532e+05, 5.886757760740681e+04, 2.358536803794915e+02, 1.185819709145201e+00, -1.126377367089524e+00
70, 1.628806428285445e-01, 4.755766594500130e-02, 8.666274028387920e-01, 3.149194687304344e+02, 3.886192572319980e+01, 2.045344449756288e+05, 5.857783582489544e+04, 2.354676505196464e+02, 1.190239794811833e+00, -1.134064093408028e+00
71, 1.676024172024658e-01, 4.811933149818584e-02, 8.624491704203817e-01, 3.142541423206180e+02, 3.685105015667084e+01, 2.036142003385603e+05, 5.822954884399543e+04, 2.352015945846791e+02, 1.193285043494432e+00, -1.143303998951755e+00
72, 1.724149630728592e-01, 4.867486431984086e-02, 8.647566706399095e-01, 3.144384402107237e+02, 3.627829851804989e+01, 2.040825783351827e+05, 5.846173910191721e+04, 2.355093506315058e+02, 1.189762417857329e+00, -1.137144090115005e+00
73, 1.773172505422701e-01, 4.924075639937410e-02, 8.681182354277059e-01, 3.154618966130613e+02, 3.638331979836183e+01, 2.048548233835170e+05, 5.871008141864300e+04, 2.355939583055203e+02, 1.188793771949465e+00, -1.130555674024552e+00
74, 1.823102205079420e-01, 4.981711634859196e-02, 8.640560360334272e-01, 3.152364647587794e+02, 3.476214725680211e+01, 2.040093304443166e+05, 5.832227092962172e+04, 2.351380232883550e+02, 1.194012542492656e+00, -1.140844121436982e+00
75, 1.874005126200911e-01, 5.035188276626883e-02, 8.604689566509126e-01, 3.145107914667664e+02, 3.288752811482799e+01, 2.032038336904930e+05, 5.803871299287224e+04, 2.349702678275320e+02, 1.195932068771072e+00, -1.148366792956224e+00
76, 1.925840268858175e-01, 5.089067674923135e-02, 8.637911898060864e-01, 3.150472122626078e+02, 3.271839764086739e+01, 2.039144584328554e+05, 5.833673434309848e+04, 2.352684487966012e+02, 1.192519921157811e+00, -1.140460413225955e+00
77, 1.978610162389052e-01, 5.143918688460424e-02, 8.653494148579857e-01, 3.157814776139592e+02, 3.245955923228733e+01, 2.042961807708149e+05, 5.842809668447517e+04, 2.352125987256174e+02, 1.193159108919059e+00, -1.138036609148085e+00
78, 2.032334650976733e-01, 5.198586781970864e-02, 8.611309345489436e-01, 3.153426989887926e+02, 3.073518595954540e+01, 2.033988363942927e+05, 5.804468998902541e+04, 2.348138182611949e+02, 1.197721922078468e+00, -1.148208225789149e+00
79, 2.087056775130629e-01, 5.249531675028166e-02, 8.593623981839699e-01, 3.148373309722363e+02, 2.932111823808059e+01, 2.029825236343437e+05, 5.792406653518797e+04, 2.348080825160804e+02, 1.197787536044039e+00, -1.151408314741472e+00
80, 2.142738885993105e-01, 5.301370291071578e-02, 8.626326560598306e-01, 3.156611275604171e+02, 2.935487040248001e+01, 2.037150485672033e+05, 5.818440774709125e+04, 2.349692704477526e+02, 1.195943480183819e+00, -1.144501573062786e+00
81, 2.199388405813703e-01, 5.354109540024918e-02, 8.612422641485786e-01, 3.158209489942640e+02, 2.841605370019204e+01, 2.034481417747140e+05, 5.802918481555432e+04, 2.347207482730533e+02, 1.198786546855991e+00, -1.148619571449965e+00
82, 2.257043707739269e-01, 5.404195773217095e-02, 8.577941952415397e-01, 3.152290114603337e+02, 2.676019574506093e+01, 2.026900088688944e+05, 5.774046728541484e+04, 2.344917331388942e+02, 1.201405815978728e+00, -1.156279124788461e+00
83, 2.315701483145525e-01, 5.452770770985274e-02, 8.588369222014408e-01, 3.152792121270489e+02, 2.609975694301327e+01, 2.028953560390837e+05, 5.785169707665145e+04, 2.346582037295759e+02, 1.199501935098809e+00, -1.153328245711617e+00
84, 2.375347571168048e-01, 5.502164198753515e-02, 8.607510538435205e-01, 3.160824123931597e+02, 2.598101818831137e+01, 2.033565729518251e+05, 5.797161980903165e+04, 2.346217217789722e+02, 1.199919196882176e+00, -1.150146746601672e+00
85, 2.435992832758183e-01, 5.551738635213662e-02, 8.568351750716074e-01, 3.156753076332320e+02, 2.441223726556574e+01, 2.025276041465991e+05, 5.761170883613544e+04, 2.342306995471585e+02, 1.204390560679460e+00, -1.159695031711608e+00
86, 2.497680114192093e-01, 5.596690356241697e-02, 8.545499700099631e-01, 3.150528552627148e+02, 2.297145138020120e+01, 2.019996842327011e+05, 5.744582941488829e+04, 2.341808544606409e+02, 1.204960420568361e+00, -1.164095742240641e+00
87, 2.560372720269922e-01, 5.642374660581650e-02, 8.573499812197740e-01, 3.158670313714300e+02, 2.298692441250838e+01, 2.026381276597840e+05, 5.765748296490544e+04, 2.342760440496867e+02, 1.203872130713072e+00, -1.158480663534284e+00
88, 2.624075129894070e-01, 5.688794812024153e-02, 8.554357914310420e-01, 3.158629228088392e+02, 2.194922136140695e+01, 2.022521922392812e+05, 5.746226108656879e+04, 2.340052705356290e+02, 1.206967591664553e+00, -1.163659816976192e+00
89, 2.688820953594122e-01, 5.731601698717446e-02, 8.522900598718630e-01, 3.152197259227730e+02, 2.041482317183172e+01, 2.015528673269801e+05, 5.720652664741886e+04, 2.338236856882587e+02, 1.209043019485879e+00, -1.170444342932107e+00
90, 2.754596933704109e-01, 5.773251817509718e-02, 8.534663085244135e-01, 3.155049577780557e+02, 1.996297448786800e+01, 2.018119583584491e+05, 5.730455040981982e+04, 2.339015357512754e+02, 1.208153272597455e+00, -1.167843814186286e+00
91, 2.821393715163158e-01, 5.815548319637985e-02, 8.534983997590178e-01, 3.158937483477304e+02, 1.941269358043888e+01, 2.018557503344620e+05, 5.727050148823171e+04, 2.337537679571073e+02, 1.209842054813579e+00, -1.168747117601553e+00
92, 2.889228133151660e-01, 5.856025994731355e-02, 8.502889094959847e-01, 3.153763310845862e+02, 1.795899957513611e+01, 2.011590168134218e+05, 5.699281820637875e+04, 2.334984292927212e+02, 1.212759703371194e+00, -1.176113937023753e+00
93, 2.958109924882014e-01, 5.893328266505459e-02, 8.498172541716822e-01, 3.151810783675749e+02, 1.706812252411215e+01, 2.010400957786094e+05, 5.696854239903011e+04, 2.335285100812548e+02, 1.212416016351927e+00, -1.176757963872875e+00
94, 3.028018336791070e-01, 5.931186494562823e-02, 8.510319402588657e-01, 3.158408607504932e+02, 1.682967595994903e+01, 2.013481394307291e+05, 5.702928333057582e+04, 2.334438296899914e+02, 1.213383506707017e+00, -1.175146532780417e+00
95, 3.098959492232011e-01, 5.968474204695464e-02, 8.475799890333985e-01, 3.153826700912479e+02, 1.539595291749336e+01, 2.006114049977563e+05, 5.671798863725928e+04, 2.331151354834076e+02, 1.217138253649943e+00, -1.183405048660270e+00
96, 3.170954604632636e-01, 6.000891971601628e-02, 8.458315077802122e-01, 3.148370484515480e+02, 1.418568323777026e+01, 2.002028431086892e+05, 5.659570314153068e+04, 2.330933837130901e+02, 1.217386693335157e+00, -1.186649230877418e+00
97, 3.243976460655079e-01, 6.033772057883298e-02, 8.477717193640122e-01, 3.156700395067903e+02, 1.413786054108680e+01, 2.006734803742993e+05, 5.671412351730953e+04, 2.330465323010900e+02, 1.217921795990159e+00, -1.183507588649443e+00
98, 3.318024521736636e-01, 6.066888801739503e-02, 8.441274515043071e-01, 3.152315040426727e+02, 1.271551911985682e+01, 1.999025329336380e+05, 5.637865356884393e+04, 2.326681952657186e+02, 1.222242168441518e+00, -1.192407463771308e+00
99, 3.393122456421057e-01, 6.093862569636710e-02, 8.414613522358961e-01, 3.144713497723113e+02, 1.130915316219584e+01, 1.992907300434498e+05, 5.618101579589849e+04, 2.325871722791669e+02, 1.223167239075520e+00, -1.197650709870171e+00
100, 3.469241051343974e-01, 6.121202939524914e-02, 8.435460174153602e-01, 3.153316848931552e+02, 1.129707991690540e+01, 1.997929831436705e+05, 5.631167714887130e+04, 2.325519728629070e+02, 1.223569107136549e+00, -1.194184319720976e+00
101, 3.546376710778686e-01, 6.148908619886607e-02, 8.400724028557894e-01, 3.149192473837913e+02, 9.933977425159588e+00, 1.990602869751545e+05, 5.598976709746206e+04, 2.321786535355748e+02, 1.227830632031440e+00, -1.202724456538355e+00
102, 3.624546604463509e-01, 6.170127346710127e-02, 8.371733752896162e-01, 3.141052166911551e+02, 8.500641407314452e+00, 1.983981758285482e+05, 5.577171941993058e+04, 2.320753270513474e+02, 1.229009932368382e+00, -1.208509168729473e+00
103, 3.703725021471804e-01, 6.191418346717431e-02, 8.390330313653900e-01, 3.149263554454925e+02, 8.440469254748175e+00, 1.988518906260580e+05, 5.588260522056253e+04, 2.320213402833624e+02, 1.229626069217348e+00, -1.205567415577138e+00
104, 3.783905451503339e-01, 6.212978787060766e-02, 8.354729735513849e-01, 3.144741347852771e+02, 7.069981319257709e+00, 1.980995586779882e+05, 5.555408635770916e+04, 2.316402096272450e+02, 1.233975201226755e+00, -1.214282881352672e+00
105, 3.865097289972014e-01, 6.227632360575484e-02, 8.324833668377390e-01, 3.136599522742561e+02, 5.653574836243402e+00, 1.974211345164850e+05, 5.532485142617555e+04, 2.315128155194312e+02, 1.235428681799736e+00, -1.220364386636677e+00
106, 3.947277421811102e-01, 6.242355800357888e-02, 8.339880038217378e-01, 3.144097299086500e+02, 5.507123669562378e+00, 1.977973465734419e+05, 5.540545444993807e+04, 2.314318158929115e+02, 1.236352775149398e+00, -1.218226022681240e+00
107, 4.030438017041859e-01, 6.256728411785809e-02, 8.304134468098828e-01, 3.138863869761919e+02, 4.126375071284276e+00, 1.970362226955601e+05, 5.508132548874834e+04, 2.310682924036560e+02, 1.240499545199209e+00, -1.226825026231819e+00
108, 4.114578650122621e-01, 6.264279494241774e-02, 8.276561114503829e-01, 3.131914382959624e+02, 2.819874405098671e+00, 1.964179565115237e+05, 5.486245129013892e+04, 2.309168514777651e+02, 1.242226811999495e+00, -1.232631665675775e+00
109, 4.199680073323252e-01, 6.271916801452088e-02, 8.283084851967651e-01, 3.137530389559614e+02, 2.468652166739128e+00, 1.966064996225090e+05, 5.487197200755748e+04, 2.307750232038541e+02, 1.243844317751275e+00, -1.232379085089992e+00
110, 4.285732264792130e-01, 6.277860210492708e-02, 8.246837574404876e-01, 3.131145472871455e+02, 1.056916443468618e+00, 1.958248706856177e+05, 5.455311602536463e+04, 2.304424407532727e+02, 1.247636868966081e+00, -1.240838198749370e+00
111, 4.372725520964252e-01, 6.277681623581531e-02, 8.224054243795945e-01, 3.126598304130093e+02, -6.264034637424225e-02, 1.953282181673066e+05, 5.435805557856163e+04, 2.302545879436760e+02, 1.249778758714740e+00, -1.246013069481315e+00
112, 4.460644631134041e-01, 6.277501136001121e-02, 8.215499279721270e-01, 3.128860561717232e+02, -7.614533885873358e-01, 1.951850849661989e+05, 5.424145592281762e+04, 2.299999393694131e+02, 1.252681972187859e+00, -1.249106408780768e+00
113, 4.549474284873235e-01, 6.273455695399767e-02, 8.176882169042758e-01, 3.120634469575461e+02, -2.255528676322159e+00, 1.943389997916416e+05, 5.391510689173736e+04, 2.296958117452378e+02, 1.256148899112086e+00, -1.257764309841773e+00
114, 4.639199773255264e-01, 6.264510641603969e-02, 8.161360770242064e-01, 3.119845896878949e+02, -3.119884567770353e+00, 1.940269598933048e+05, 5.375590959926724e+04, 2.294531288166655e+02, 1.258915102665712e+00, -1.261987746334978e+00
115, 4.729808299620234e-01, 6.255477554603744e-02, 8.131394679724353e-01, 3.117093439253218e+02, -4.301736037162811e+00, 1.934112879985759e+05, 5.346179645288875e+04, 2.290386905619742e+02, 1.263638533845547e+00, -1.269790443078575e+00
116, 4.821273490672414e-01, 6.239397098383109e-02, 8.089325390309398e-01, 3.106712412184103e+02, -5.890359077557624e+00, 1.924765217902393e+05, 5.311931864142176e+04, 2.287549686625842e+02, 1.266871836496289e+00, -1.278876233826769e+00
117, 4.913584979624895e-01, 6.220546500859186e-02, 8.083184403300976e-01, 3.110341168561927e+02, -6.498255541469806e+00, 1.923975043776385e+05, 5.301189270475686e+04, 2.284657848084478e+02, 1.270167145873401e+00, -1.281726198258873e+00
118, 5.006727032357837e-01, 6.200775010158423e-02, 8.030527493068833e-01, 3.101271278093616e+02, -8.185346324914905e+00, 1.912719275885000e+05, 5.253878017718729e+04, 2.279115093889273e+02, 1.276482678343759e+00, -1.294277672491418e+00
119, 5.100657912143660e-01, 6.171103357825329e-02, 7.985318479794635e-01, 3.091611073513402e+02, -9.759910598859271e+00, 1.902864844863517e+05, 5.215165571118318e+04, 2.275129933464144e+02, 1.281023116025532e+00, -1.304547920004835e+00
120, 5.195383306390859e-01, 6.141180727784741e-02, 7.966979168135835e-01, 3.092312933131453e+02, -1.065191391007602e+01, 1.899392248978439e+05, 5.194212491180496e+04, 2.271205211370689e+02, 1.285494511575620e+00, -1.310106683039140e+00
121, 5.290862975762153e-01, 6.105684227044788e-02, 7.917400961923199e-01, 3.080669412965539e+02, -1.238441257429722e+01, 1.888490799526584e+05, 5.152705147597437e+04, 2.267164316013462e+02, 1.290098158961184e+00, -1.321118404840726e+00
122, 5.387073695042464e-01, 6.064015846069454e-02, 7.894104374375652e-01, 3.079167561870418e+02, -1.335030201033054e+01, 1.883822429419333e+05, 5.128659280591679e+04, 2.263243746072582e+02, 1.294564706851558e+00, -1.327497671136471e+00
123, 5.484015538959758e-01, 6.022030818673199e-02, 7.842408269477901e-01, 3.071404996712957e+02, -1.504375262988881e+01, 1.872962618713460e+05, 5.080305505955711e+04, 2.256683883111020e+02, 1.302038277755185e+00, -1.340325721991674e+00
124, 5.581611465095717e-01, 5.968709223019329e-02, 7.784454029288027e-01, 3.056754390658084e+02, -1.680333934324017e+01, 1.860132238813835e+05, 5.032657422876838e+04, 2.252161632619565e+02, 1.307190720192756e+00, -1.352966555876731e+00
125, 5.679888486012392e-01, 5.914276762345740e-02, 7.775978957383508e-01, 3.059664927273283e+02, -1.779846119804359e+01, 1.858872094331122e+05, 5.019528138551226e+04, 2.248734390782466e+02, 1.311095808591112e+00, -1.356449699194690e+00
126, 5.778793225045307e-01, 5.854124471816082e-02, 7.719759838038982e-01, 3.041547375351636e+02, -1.946879249404350e+01, 1.846006738142805e+05, 4.977497728992248e+04, 2.246144159514910e+02, 1.314047362851065e+00, -1.367600188176092e+00
127, 5.878294084923463e-01, 5.787173314238844e-02, 7.699675972291696e-01, 3.056123528631124e+02, -2.063244326563728e+01, 1.843835348782730e+05, 4.938236034456585e+04, 2.234239576581817e+02, 1.327615195907739e+00, -1.378016148831835e+00
128, 5.978402197335441e-01, 5.719489531089323e-02, 7.533593350639649e-01, 3.007230413931615e+02, -2.185106243454276e+01, 1.806132812336230e+05, 4.811026502727489e+04, 2.224671650548418e+02, 1.338524079288161e+00, -1.411764296821787e+00
129, 6.079015980613792e-01, 5.640746482493110e-02, 7.672472339429670e-01, 3.018096356040467e+02, -2.343538155667908e+01, 1.834482336898315e+05, 4.949174609926351e+04, 2.247127890979997e+02, 1.312926387313077e+00, -1.375114191260456e+00
130, 6.180185636701283e-01, 5.561568392909499e-02, 8.260177117884101e-01, 2.913259876524705e+02, -2.346341171511079e+01, 1.939040549685017e+05, 5.687892679771653e+04, 2.398790824800328e+02, 1.139590587235848e+00, -1.179135427679423e+00
131, 6.281828583486033e-01, 5.475372000189471e-02, 1.062380141406297e+00, 2.960374110813323e+02, -2.591659861648743e+01, 2.422633292406772e+05, 8.028043154957042e+04, 2.632449809595677e+02, 8.599944685509161e-01, -5.583034547774473e-01
132, 6.383942656170176e-01, 5.385311981747426e-02, 1.219923965026620e+00, 2.979295986086465e+02, -2.691063908019682e+01, 2.750325838580242e+05, 9.534224572556709e+04, 2.722594479452421e+02, 7.413187993783962e-01, -1.587199275845569e-01
133, 6.486498500369616e-01, 5.291704474386481e-02, 1.208624554878910e+00, 3.006649774757119e+02, -2.833344457193234e+01, 2.728829822487546e+05, 9.406129154872737e+04, 2.711127047341647e+02, 7.569853843334852e-01, -1.927030973523654e-01
134, 6.589439607141885e-01, 5.191647998036145e-02, 1.176397980705927e+00, 3.019743989493629e+02, -2.940787915062046e+01, 2.662929763374515e+05, 9.086715330493919e+04, 2.690809780530282e+02, 7.842873505741295e-01, -2.774422271066422e-01
135, 6.692784864260251e-01, 5.090498103777225e-02, 1.165967495767392e+00, 3.021510918985007e+02, -3.072970935238395e+01, 2.641538343743143e+05, 8.983954939644321e+04, 2.684178953360091e+02, 7.930812404251976e-01, -3.047041219564937e-01
136, 6.796430482047435e-01, 4.981044854963227e-02, 1.168058418336736e+00, 3.020945319450781e+02, -3.190615027846542e+01, 2.645918749529260e+05, 9.003632301483605e+04, 2.685242622750078e+02, 7.916742520831288e-01, -2.994838015105528e-01
137, 6.900425759184758e-01, 4.871222354147379e-02, 1.169434778121635e+00, 3.020748905993517e+02, -3.294398086627336e+01, 2.648838422114750e+05, 9.016222519566672e+04, 2.685832727700093e+02, 7.908930814188789e-01, -2.961436701751277e-01
138, 7.004661636827343e-01, 4.753960506613292e-02, 1.168362950564170e+00, 3.017526158112412e+02, -3.408791281616397e+01, 2.646473345467259e+05, 9.007332081126656e+04, 2.685645852279702e+02, 7.911405098831107e-01, -2.985022656993070e-01
139, 7.109172960373571e-01, 4.635362793229136e-02, 1.168870630641905e+00, 3.014998161669081e+02, -3.503790193290490e+01, 2.647419204275074e+05, 9.013286901820367e+04, 2.686254116598442e+02, 7.903349918188746e-01, -2.969224770836792e-01
140, 7.213872740459671e-01, 4.510838892473062e-02, 1.170316433300570e+00, 3.010013181158017e+02, -3.610563812271185e+01, 2.650141578128337e+05, 9.029958432514544e+04, 2.687898055475056e+02, 7.881556528745098e-01, -2.924995908625093e-01
141, 7.318769755814678e-01, 4.383928817326403e-02, 1.173053738536672e+00, 3.005052107970200e+02, -3.704165926659509e+01, 2.655535897957269e+05, 9.059121144933425e+04, 2.690286329134734e+02, 7.849835542208792e-01, -2.847628472307764e-01
142, 7.423797694766172e-01, 4.252085232576102e-02, 1.175958031612635e+00, 2.998425459154124e+02, -3.802827297137397e+01, 2.661165120568561e+05, 9.091004664116388e+04, 2.693087122587843e+02, 7.812543561319263e-01, -2.763042851308976e-01
143, 7.528948757445413e-01, 4.117353200781787e-02, 1.179520040279360e+00, 2.991344157674300e+02, -3.892833209554324e+01, 2.668124760093978e+05, 9.129552576919289e+04, 2.696339136037516e+02, 7.769117074477779e-01, -2.660776877345133e-01
144, 7.634168978725908e-01, 3.978316655464363e-02, 1.183441075652085e+00, 2.983461170236131e+02, -3.981319278806794e+01, 2.675778342036549e+05, 9.172061290827878e+04, 2.699918498705231e+02, 7.721158927294322e-01, -2.548003066424686e-01
145, 7.739444126349901e-01, 3.836453646656880e-02, 1.187691437633388e+00, 2.974601819213738e+02, -4.067744063708480e+01, 2.684053107899788e+05, 9.218356679686194e+04, 2.703835262942918e+02, 7.668483380752965e-01, -2.425183367837160e-01
146, 7.844719644575323e-01, 3.690385973512003e-02, 1.192376392669655e+00, 2.965386558519557e+02, -4.148480779227872e+01, 2.693210603833772e+05, 9.269019222537507e+04, 2.708013088568569e+02, 7.612064895720779e-01, -2.290777795357383e-01
147, 7.949986507180742e-01, 3.541915890694492e-02, 1.197175683693067e+00, 2.954845726256609e+02, -4.229912712910095e+01, 2.702524515999797e+05, 9.321588899817114e+04, 2.712454138409669e+02, 7.551822398853903e-01, -2.151312676313133e-01
148, 8.055181337523309e-01, 3.389097694782798e-02, 1.202448314043043e+00, 2.944414012744094e+02, -4.300667575967964e+01, 2.712833149117078e+05, 9.378582177007594e+04, 2.717071804130310e+02, 7.488881658800861e-01, -2.000111934756068e-01
149, 8.160310371246018e-01, 3.234721520282247e-02, 1.207652262656526e+00, 2.932698181000491e+02, -4.376745405799159e+01, 2.722928737321783e+05, 9.435620691661235e+04, 2.721816985753031e+02, 7.423872282895129e-01, -1.848791180132316e-01
150, 8.265290027010670e-01, 3.075525758038324e-02, 1.213221941850520e+00, 2.920137341247501e+02, -4.445345053810235e+01, 2.733735303843853e+05, 9.496653179648909e+04, 2.726846346735189e+02, 7.354592751272250e-01, -1.686874584040343e-01
151, 8.370142705995289e-01, 2.915289002000202e-02, 1.219131962061138e+00, 2.907681412452258e+02, -4.506426636680351e+01, 2.745267234966606e+05, 9.560764940617488e+04, 2.731946994029943e+02, 7.283922543002646e-01, -1.516788807632354e-01
152, 8.474785558523923e-01, 2.750853597976079e-02, 1.224788703212987e+00, 2.892987228523736e+02, -4.573516618613086e+01, 2.756142799356023e+05, 9.623750692710967e+04, 2.737244155774206e+02, 7.210079401857731e-01, -1.349690284902479e-01
153, 8.579223049457187e-01, 2.584734115485244e-02, 1.231198514762134e+00, 2.879683439286278e+02, -4.619197824396186e+01, 2.768679860276380e+05, 9.692985058888196e+04, 2.742583164157056e+02, 7.135172792649774e-01, -1.166014454641940e-01
154, 8.683410685485228e-01, 2.416228791483150e-02, 1.237011324035115e+00, 2.864074757667531e+02, -4.682649041424845e+01, 2.779854579191577e+05, 9.757717566851292e+04, 2.747925241984632e+02, 7.059723646783448e-01, -9.942818628459449e-02
155, 8.787300737664598e-01, 2.244518313595054e-02, 1.243454050276591e+00, 2.847680919737170e+02, -4.734647843101732e+01, 2.792302837812559e+05, 9.828839260980659e+04, 2.753612578010642e+02, 6.978828983621285e-01, -8.055990317601899e-02
156, 8.890887343120749e-01, 2.071270935923115e-02, 1.250203687737831e+00, 2.831160837338719e+02, -4.779890361139301e+01, 2.805400444610165e+05, 9.902785446928706e+04, 2.759350946236501e+02, 6.896590788350750e-01, -6.094229439508537e-02
157, 8.994118633496295e-01, 1.895355901724637e-02, 1.256779165946440e+00, 2.812170412410284e+02, -4.838054305222721e+01, 2.818012607556677e+05, 9.976298504404972e+04, 2.765290795147050e+02, 6.810785427747544e-01, -4.143959275645204e-02
158, 9.096960432039098e-01, 1.716728535956084e-02, 1.264121380968360e+00, 2.791622574552453e+02, -4.883800685416241e+01, 2.832146419583213e+05, 1.005787357567906e+05, 2.771709693959243e+02, 6.717249524968263e-01, -1.979807312951520e-02
159, 9.199395019626049e-01, 1.536234476347431e-02, 1.271918677734348e+00, 2.770158836940468e+02, -4.920210239695295e+01, 2.847198560406005e+05, 1.014408185419249e+05, 2.778329469031173e+02, 6.619864768471306e-01, 3.072616681889018e-03
160, 9.301386592595018e-01, 1.353644870747124e-02, 1.279783320772857e+00, 2.746124057150769e+02, -4.962953119742871e+01, 2.862274693189849e+05, 1.023209488662545e+05, 2.785213287558560e+02, 6.517554739433572e-01, 2.642210003599352e-02
161, 9.402894341419628e-01, 1.168452176975185e-02, 1.288508086868258e+00, 2.718876512553672e+02, -5.007259789186597e+01, 2.879004689443453e+05, 1.032968301423082e+05, 2.792737980102813e+02, 6.404441969111279e-01, 5.231181543485126e-02
162, 9.503887564676160e-01, 9.807005276012037e-03, 1.298203230748726e+00, 2.686568298187066e+02, -5.036975205508494e+01, 2.897507863570689e+05, 1.043900051612621e+05, 2.801215874085335e+02, 6.275307666547144e-01, 8.131328397035389e-02
163, 9.604342314315636e-01, 7.907558523888511e-03, 1.309577351585189e+00, 2.650162344655764e+02, -5.059370145683103e+01, 2.919365012372401e+05, 1.056575287053903e+05, 2.810603858781220e+02, 6.130077500325177e-01, 1.149401447617955e-01
164, 9.704221650503585e-01, 5.982614159764262e-03, 1.322652065024805e+00, 2.608998970832021e+02, -5.083249988461854e+01, 2.944621892818608e+05, 1.071013858954551e+05, 2.820848887208240e+02, 5.968703550808158e-01, 1.532450622191052e-01
165, 9.803482433554086e-01, 4.025408714905291e-03, 1.344443190680588e+00, 2.561680470768481e+02, -5.095077602397092e+01, 2.988054346072393e+05, 1.093740247216111e+05, 2.834014597642232e+02, 5.756484077564656e-01, 2.135372041602894e-01
166, 9.902099327751225e-01, 2.038144568038185e-03, 1.353413906943264e+00, 2.243890295850155e+02, -4.552616730992798e+01, 2.990356188304624e+05, 1.118674572503508e+05, 2.879409792056313e+02, 4.973132158324407e-01, 2.796869091698686e-01
167, 0.000000000000000e+00, 0.000000000000000e+00, 1.505818044639905e+00, -1.383316655233779e+00, 2.270787189239126e+02, 3.314447483416805e+05, 1.257289100664679e+05, 2.908660270415400e+02, 4.410792748349105e-01, 6.474253597682591e-01
168, 1.000000000000000e+00, 0.000000000000000e+00, 1.328922024127254e+00, 1.460101210663663e+02, -1.401802832350287e+01, 2.905039982157032e+05, 1.129635672300328e+05, 2.961210254315193e+02, 3.199575459490143e-01, 3.087662409658128e-01
169, 9.900132357879567e-01, 5.126793109677517e-04, 1.430107774679027e+00, 2.688356892628263e+02, -1.254395120998536e+01, 3.173697428757216e+05, 1.168185936368337e+05, 2.845598027680718e+02, 5.564867008052374e-01, 4.110384527360335e-01
170, 9.799606358555131e-01, 8.858131156750927e-04, 1.425900983073606e+00, 2.743430608018227e+02, -8.395446394812087e+00, 3.167698257535742e+05, 1.161413342439821e+05, 2.837447193543058e+02, 5.700266121930310e-01, 3.930710489520036e-01
171, 9.698469913427629e-01, 1.122473377006760e-03, 1.427118803682747e+00, 2.709941827148205e+02, -4.311121405979236e+00, 3.168394751027064e+05, 1.164414217455359e+05, 2.842351057317386e+02, 5.619104196629279e-01, 4.010322427986566e-01
172, 9.596767442255489e-01, 1.208586341215006e-03, 1.426491798862330e+00, 2.699390660478434e+02, -4.902552522848383e-01, 3.166477234172869e+05, 1.164427895203810e+05, 2.843633795743644e+02, 5.597724230511959e-01, 4.010685292838445e-01
173, 9.494548681574169e-01, 1.159245638736302e-03, 1.427075892205123e+00, 2.703109348387238e+02, 2.971433735095767e+00, 3.167923491218370e+05, 1.164754617692496e+05, 2.843267472058267e+02, 5.603831647125141e-01, 4.019353101570969e-01
174, 9.391857878947656e-01, 9.832523845850626e-04, 1.426848341975368e+00, 2.703939845735696e+02, 6.109600743147348e+00, 3.167514927196432e+05, 1.164471970644825e+05, 2.843030833196935e+02, 5.607772870328501e-01, 4.011854595551755e-01
175, 9.288734879035747e-01, 6.942658840466084e-04, 1.425807127771869e+00, 2.706782398960521e+02, 9.332177216972006e+00, 3.165514153357937e+05, 1.163311240834189e+05, 2.842271029521967e+02, 5.620422126296186e-01, 3.981060927111011e-01
176, 9.185231282579416e-01, 2.710395212517799e-04, 1.423377549382664e+00, 2.712957452143628e+02, 1.235146711416709e+01, 3.160772171028367e+05, 1.160676574726123e+05, 2.840674372196047e+02, 5.646936834796088e-01, 3.911164355281418e-01
177, 9.081377053813089e-01, -2.499883254086181e-04, 1.421372699207319e+00, 2.721695668947113e+02, 1.473130071257309e+01, 3.157070692418535e+05, 1.158290903475196e+05, 2.838834152988168e+02, 5.677379870423040e-01, 3.847873511162023e-01
178, 8.977202331516749e-01, -8.551623758883601e-04, 1.420014154271139e+00, 2.728530382662526e+02, 1.689394617366796e+01, 3.154639307051571e+05, 1.156597355242168e+05, 2.837395442757175e+02, 5.701094004512776e-01, 3.802944396480547e-01
179, 8.872740908041463e-01, -1.541470953194701e-03, 1.417281101582847e+00, 2.734614549274917e+02, 1.942200006094093e+01, 3.149284741269202e+05, 1.153653946461794e+05, 2.835632238337557e+02, 5.730056647186589e-01, 3.724857012803571e-01
180, 8.768056337660450e-01, -2.340525549404352e-03, 1.414091900307749e+00, 2.744606419683170e+02, 2.163626990597220e+01, 3.143184185845353e+05, 1.150071628772914e+05, 2.833202396795967e+02, 5.769790915356919e-01, 3.629819647389160e-01
181, 8.663143941556477e-01, -3.194182572762698e-03, 1.411951910382403e+00, 2.755392002233813e+02, 2.330590138951329e+01, 3.139335356865308e+05, 1.147423065949451e+05, 2.830961844068740e+02, 5.806248686275761e-01, 3.559554401607674e-01
182, 8.558048593017765e-01, -4.116398448080233e-03, 1.408423905367826e+00, 2.763364555454648e+02, 2.531018285939249e+01, 3.132423215438699e+05, 1.143623737968959e+05, 2.828655894672004e+02, 5.843592954556674e-01, 3.458759845409592e-01
183, 8.452822491972067e-01, -5.120879818388853e-03, 1.405763954550862e+00, 2.774550274341596e+02, 2.690002517363205e+01, 3.127516291464386e+05, 1.140454665613506e+05, 2.826154943256524e+02, 5.883895899507317e-01, 3.374685703017153e-01
184, 8.347453577806000e-01, -6.158083842008001e-03, 1.402587493690592e+00, 2.784029782469509e+02, 2.852936138146232e+01, 3.121435123454710e+05, 1.136891686449188e+05, 2.823705981860458e+02, 5.923163706375474e-01, 3.280161380438410e-01
185, 8.242031038890332e-01, -7.280843526186822e-03, 1.398937673759480e+00, 2.794566486819043e+02, 3.013904398183064e+01, 3.114424750313018e+05, 1.132820793175581e+05, 2.820935727768905e+02, 5.967353682555828e-01, 3.172162312458542e-01
186, 8.136533473793920e-01, -8.433072148647740e-03, 1.395860336865095e+00, 2.806299615264370e+02, 3.140668206704392e+01, 3.108681319839086e+05, 1.129221047499026e+05, 2.818171007025823e+02, 6.011217198605622e-01, 3.076662589939880e-01
187, 8.031024682727540e-01, -9.642112257161543e-03, 1.392122575499027e+00, 2.816371822848683e+02, 3.278792238851352e+01, 3.101466694018273e+05, 1.125087436786368e+05, 2.815393763088758e+02, 6.055045508176561e-01, 2.966999654963658e-01
188, 7.925521232882207e-01, -1.088983136989844e-02, 1.388826154303016e+00, 2.827918856274339e+02, 3.396010788478358e+01, 3.095264604421742e+05, 1.121281228043045e+05, 2.812529007058583e+02, 6.100014754408519e-01, 2.866022555052741e-01
189, 7.820056001270315e-01, -1.217549275301673e-02, 1.385073530788778e+00, 2.838467188270280e+02, 3.517305665840678e+01, 3.088055559781194e+05, 1.117096937586374e+05, 2.809625117182138e+02, 6.145355210695697e-01, 2.755015108012218e-01
190, 7.714669920731791e-01, -1.350268096560389e-02, 1.381437868090269e+00, 2.850016653549023e+02, 3.627592274602504e+01, 3.081154059723288e+05, 1.112960206224761e+05, 2.806587748146998e+02, 6.192523948367595e-01, 2.645269383545820e-01
191, 7.609378751415441e-01, -1.485703395377167e-02, 1.377550629154298e+00, 2.861382826715648e+02, 3.734784617705175e+01, 3.073719972208297e+05, 1.108592282167380e+05, 2.803461695805679e+02, 6.240803351292882e-01, 2.529390215142567e-01
192, 7.504232219551694e-01, -1.624937399329782e-02, 1.373465028900281e+00, 2.873282646290376e+02, 3.836616563273107e+01, 3.065906659932289e+05, 1.104001347809847e+05, 2.800156747370822e+02, 6.291558692824596e-01, 2.407594678279718e-01
193, 7.399241895775541e-01, -1.766297948599878e-02, 1.369329544371310e+00, 2.885698847148960e+02, 3.926894482168934e+01, 3.058021378851027e+05, 1.099330952111680e+05, 2.796731813710869e+02, 6.343853523377809e-01, 2.283691065829485e-01
194, 7.294450952187004e-01, -1.910404059837741e-02, 1.364866219504211e+00, 2.898083892434486e+02, 4.013418785161312e+01, 3.049453106783384e+05, 1.094348208636966e+05, 2.793159855580995e+02, 6.398072874021534e-01, 2.151500999648966e-01
195, 7.189878740222965e-01, -2.056242222234670e-02, 1.360477589209007e+00, 2.911181070124507e+02, 4.085059826927666e+01, 3.041084676339488e+05, 1.089392419364644e+05, 2.789480321561279e+02, 6.453592405783544e-01, 2.020026016999469e-01
196, 7.085555071269897e-01, -2.203526993006201e-02, 1.355779585106246e+00, 2.923915089892973e+02, 4.152960145854431e+01, 3.032052786740354e+05, 1.084160817278388e+05, 2.785703966113252e+02, 6.510231110983756e-01, 1.881233837646510e-01
197, 6.981511851490624e-01, -2.352199912694358e-02, 1.351148784205940e+00, 2.937242200877637e+02, 4.207591862204754e+01, 3.023199472783530e+05, 1.078954688838394e+05, 2.781828660277943e+02, 6.568004094700181e-01, 1.743117463299825e-01
198, 6.877766439509928e-01, -2.501181079297092e-02, 1.346317714223369e+00, 2.950261031589417e+02, 4.256554607603162e+01, 3.013914035590845e+05, 1.073572658458947e+05, 2.777884776069679e+02, 6.626445650426839e-01, 1.600334485276780e-01
199, 6.774359562222336e-01, -2.651072954091831e-02, 1.341403345438617e+00, 2.963535427684712e+02, 4.296904521546517e+01, 3.004474838266891e+05, 1.068091504535612e+05, 2.773827317651056e+02, 6.686208401355667e-01, 1.454921801772584e-01
200, 6.671303685576453e-01, -2.800541503170876e-02, 1.336503163455394e+00, 2.976942606726404e+02, 4.326203436597619e+01, 2.995076671570216e+05, 1.062612393641066e+05, 2.769715944851727e+02, 6.746401509583031e-01, 1.309563318953620e-01
201, 6.568636452211769e-01, -2.950028660535324e-02, 1.331236459858089e+00, 2.989997339598216e+02, 4.353415963542287e+01, 2.984899160818568e+05, 1.056799863321167e+05, 2.765463241392858e+02, 6.808289796048699e-01, 1.155359360519316e-01
202, 6.466379657861369e-01, -3.098918204040843e-02, 1.326182265026346e+00, 3.003782748821428e+02, 4.362957996300732e+01, 2.975210948050002e+05, 1.051143223545459e+05, 2.761143794453494e+02, 6.870771259780601e-01, 1.005291111952086e-01
203, 6.364552568065029e-01, -3.246454307012234e-02, 1.320915231140920e+00, 3.016800562812725e+02, 4.369195068718653e+01, 2.965038023626350e+05, 1.045325117123471e+05, 2.756809667806820e+02, 6.933093366082117e-01, 8.509392218997872e-02
204, 6.263192886196768e-01, -3.393188431279497e-02, 1.315571970339620e+00, 3.029976351726923e+02, 4.368287934937644e+01, 2.954722993297025e+05, 1.039417689896372e+05, 2.752363800639152e+02, 6.996646661517208e-01, 6.942176888588533e-02
205, 6.162314103315871e-01, -3.538031334093233e-02, 1.310417674031221e+00, 3.043421647410421e+02, 4.353585086463629e+01, 2.944821830108290e+05, 1.033670110654302e+05, 2.747910362840983e+02, 7.059938109291517e-01, 5.417368549081170e-02
206, 6.061945687028807e-01, -3.681049515914684e-02, 1.304495476654447e+00, 3.055831181924572e+02, 4.346342651976768e+01, 2.933268656599740e+05, 1.027243159199922e+05, 2.743222445536347e+02, 7.126173656648489e-01, 3.712325649713003e-02
207, 5.962123454344208e-01, -3.822785208490293e-02, 1.299195752189341e+00, 3.070046884775090e+02, 4.309061006205680e+01, 2.923123281173787e+05, 1.021298275436435e+05, 2.738472297334158e+02, 7.192894523392148e-01, 2.135173259430882e-02
208, 5.862836197847053e-01, -3.960506241696023e-02, 1.293434395933395e+00, 3.082411860976461e+02, 4.275709926642213e+01, 2.911908480850986e+05, 1.015021281493437e+05, 2.733764423854245e+02, 7.258642141578370e-01, 4.699134503512617e-03
209, 5.764155064006733e-01, -4.097386524119694e-02, 1.287598792593844e+00, 3.095258232252607e+02, 4.234720223314287e+01, 2.900579878729942e+05, 1.008632677957963e+05, 2.728869824503024e+02, 7.326609203660298e-01, -1.224955909151429e-02
210, 5.666055958234211e-01, -4.229756932800946e-02, 1.282387146028348e+00, 3.108862208864720e+02, 4.169353026382191e+01, 2.890596944165568e+05, 1.002792771742587e+05, 2.724095845817517e+02, 7.392531456395802e-01, -2.774258202187390e-02
211, 5.568591054463554e-01, -4.359611429736315e-02, 1.275396390382834e+00, 3.119689106342961e+02, 4.133633635739209e+01, 2.876759629815996e+05, 9.954057898453625e+04, 2.718850477366471e+02, 7.464554981076441e-01, -4.733993096877017e-02
212, 5.471789046989319e-01, -4.487207980557249e-02, 1.269950961345479e+00, 3.134983718955387e+02, 4.037368114755711e+01, 2.866413899053037e+05, 9.892189118345869e+04, 2.713537356224573e+02, 7.537086967686645e-01, -6.375345532228144e-02
213, 5.375616075476808e-01, -4.608116758225887e-02, 1.263762667986731e+00, 3.146132539663654e+02, 3.955662715171614e+01, 2.854262029551821e+05, 9.825828043901679e+04, 2.708532074228222e+02, 7.605040463282121e-01, -8.135876626615043e-02
214, 5.280169696414794e-01, -4.728112062975150e-02, 1.257390385297840e+00, 3.157865266019144e+02, 3.871393005065329e+01, 2.841784438505010e+05, 9.757138187508445e+04, 2.703227929951896e+02, 7.676665831007129e-01, -9.958189316126442e-02
215, 5.185401544021576e-01, -4.841381115514240e-02, 1.252659898626636e+00, 3.172036102631931e+02, 3.736207416463424e+01, 2.832865827309845e+05, 9.702704297128726e+04, 2.698298342549065e+02, 7.742888445106005e-01, -1.140229728762318e-01
216, 5.091362453119908e-01, -4.950391947227106e-02, 1.243751046789301e+00, 3.179241601851729e+02, 3.680213925720761e+01, 2.814857307322093e+05, 9.612312318749494e+04, 2.692308109156513e+02, 7.822926695201278e-01, -1.380035804767945e-01
217, 4.998110582138413e-01, -5.058253029957195e-02, 1.238362736249174e+00, 3.196202988394661e+02, 3.500360504991741e+01, 2.804782572624398e+05, 9.549467843937693e+04, 2.686344094830532e+02, 7.902158540285855e-01, -1.546759524875337e-01
218, 4.905544372667950e-01, -5.153935718151983e-02, 1.234133648851448e+00, 3.206700538874816e+02, 3.316659959284090e+01, 2.796653108870275e+05, 9.502365240933337e+04, 2.682253811099025e+02, 7.956243038145395e-01, -1.671720728276996e-01
219, 4.813806501420080e-01, -5.248762179994569e-02, 1.226088996228851e+00, 3.211243219828173e+02, 3.232439499589364e+01, 2.780272187453522e+05, 9.421934822143866e+04, 2.677000461891377e+02, 8.025411286600973e-01, -1.885099210164763e-01
220, 4.722868649472833e-01, -5.337930943590450e-02, 1.222342669455422e+00, 3.227288809484015e+02, 3.006698120325922e+01, 2.773562648901104e+05, 9.375289839637509e+04, 2.671911541278303e+02, 8.092106945194483e-01, -2.008846365839038e-01
221, 4.632709161687920e-01, -5.417426009837577e-02, 1.216281333078691e+00, 3.232263987498720e+02, 2.850528938260274e+01, 2.761299911894330e+05, 9.313892037929325e+04, 2.667641735384737e+02, 8.147840213929912e-01, -2.171732123701752e-01
222, 4.543429192437362e-01, -5.496145590488324e-02, 1.210468053466263e+00, 3.240360881241824e+02, 2.679807535132386e+01, 2.749794180152465e+05, 9.252455310711787e+04, 2.662772170550556e+02, 8.211156091643507e-01, -2.334721149286028e-01
223, 4.454967982086104e-01, -5.564544701448403e-02, 1.208831243613594e+00, 3.252386082463277e+02, 2.410373195201418e+01, 2.747174135105973e+05, 9.228961378879352e+04, 2.659607185136057e+02, 8.252171136690638e-01, -2.397049551691860e-01
224, 4.367370336849269e-01, -5.626477344369173e-02, 1.201427385140194e+00, 3.250843960603902e+02, 2.297410356143257e+01, 2.731710201183635e+05, 9.158815948467312e+04, 2.655658030069628e+02, 8.303200051859019e-01, -2.583142396637291e-01
225, 4.280695768335628e-01, -5.687757360373644e-02, 1.198447072640894e+00, 3.262415228168657e+02, 2.044343387294240e+01, 2.726328539749414e+05, 9.122148800465342e+04, 2.651603835556484e+02, 8.355418694633375e-01, -2.680418781537061e-01
226, 4.194873149937873e-01, -5.734702596496008e-02, 1.199508897333313e+00, 3.270103074514534e+02, 1.740758747627571e+01, 2.728979728512932e+05, 9.127874398172833e+04, 2.650919422347954e+02, 8.364217549333491e-01, -2.665229014218774e-01
227, 4.109981888213866e-01, -5.778412117110726e-02, 1.191506463103450e+00, 3.262292852187607e+02, 1.677450091323151e+01, 2.711845729925936e+05, 9.056256581416028e+04, 2.647784657265030e+02, 8.404458464378166e-01, -2.855228037544560e-01
228, 4.026049488497796e-01, -5.821627930860316e-02, 1.191256996392682e+00, 3.276169799349304e+02, 1.361739523828605e+01, 2.712304553688267e+05, 9.044094394782346e+04, 2.644782529808620e+02, 8.442905719809721e-01, -2.887493801659547e-01
229, 3.943017903119916e-01, -5.847937303261667e-02, 1.195024556414532e+00, 3.279400913469243e+02, 1.037970969437602e+01, 2.720228739363057e+05, 9.079237472113156e+04, 2.646688870266235e+02, 8.418502056401994e-01, -2.794260711460912e-01
230, 3.860963677296095e-01, -5.873638146597589e-02, 1.188697466813383e+00, 3.267451031664332e+02, 9.995383208930713e+00, 2.706243134571380e+05, 9.026999999230499e+04, 2.645467621861566e+02, 8.434139701105041e-01, -2.932844506362325e-01
231, 3.779894064652498e-01, -5.897976676416813e-02, 1.190808545795375e+00, 3.279743079309724e+02, 6.736752594967453e+00, 2.711493617522421e+05, 9.038588540952795e+04, 2.644167843215764e+02, 8.450766935737130e-01, -2.902100597811145e-01
232, 3.699786600238537e-01, -5.906850410425124e-02, 1.196099526151839e+00, 3.279173337296707e+02, 3.679168657366392e+00, 2.722313926587486e+05, 9.091022169908704e+04, 2.647742483583668e+02, 8.404999120325933e-01, -2.762996409186146e-01
233, 3.620680457583174e-01, -5.915613225145107e-02, 1.191836457502945e+00, 3.265998214308354e+02, 3.350847554995190e+00, 2.712492057431799e+05, 9.059812023874989e+04, 2.648090761101243e+02, 8.400533249193572e-01, -2.845795599845605e-01
234, 3.542581305288159e-01, -5.923110899027915e-02, 1.195638615296280e+00, 3.275092706419212e+02, 2.337159130102533e-01, 2.721028237560806e+05, 9.089885570710963e+04, 2.648432011058869e+02, 8.396156327854477e-01, -2.766011758540022e-01
235, 3.465492375662390e-01, -5.916825486579348e-02, 1.202523300571215e+00, 3.272029842470284e+02, -2.620475436232679e+00, 2.734994539338042e+05, 9.159244931795307e+04, 2.653362078489155e+02, 8.332792722101560e-01, -2.582004322104540e-01
236, 3.389419996909608e-01, -5.910622958165397e-02, 1.199573820845101e+00, 3.257403039867248e+02, -2.725368531678428e+00, 2.727774326519973e+05, 9.141899422114070e+04, 2.654848879187720e+02, 8.313635326858730e-01, -2.628021221917529e-01
237, 3.314368073698671e-01, -5.904296994916854e-02, 1.203904085205824e+00, 3.263933372734448e+02, -5.563700813566270e+00, 2.737243680892648e+05, 9.178674801961453e+04, 2.655941104659328e+02, 8.299547556659579e-01, -2.530457702532898e-01
238, 3.240360589170884e-01, -5.885324031900820e-02, 1.212145429605960e+00, 3.259388753757738e+02, -8.313261940001258e+00, 2.753951755751157e+05, 9.261805263663510e+04, 2.661774513512803e+02, 8.224096052083363e-01, -2.309916121579002e-01
239, 3.167377846901107e-01, -5.866613777407935e-02, 1.211535230453416e+00, 3.243791438893713e+02, -8.332482261967513e+00, 2.751495924031777e+05, 9.267837638060890e+04, 2.664849670048272e+02, 8.184175049294801e-01, -2.293912488743758e-01
240, 3.095421263038414e-01, -5.848166594489911e-02, 1.215413227262863e+00, 3.246153311235984e+02, -1.046048444284165e+01, 2.759736810057829e+05, 9.303166642009329e+04, 2.666472979493507e+02, 8.163060195235453e-01, -2.200186143132442e-01
241, 3.024522424684656e-01, -5.820674242874134e-02, 1.223080106685143e+00, 3.241464133046927e+02, -1.284198998018641e+01, 2.775295546443851e+05, 9.380349455527443e+04, 2.671741649806635e+02, 8.094328098317660e-01, -1.995423419971316e-01
242, 2.954654443881610e-01, -5.792273637377442e-02, 1.224762879659725e+00, 3.227819024143404e+02, -1.312366640080308e+01, 2.777754832356504e+05, 9.406846401274981e+04, 2.675607365621449e+02, 8.043698597646609e-01, -1.925128149309212e-01
243, 2.885812365548556e-01, -5.764290050534981e-02, 1.227535366861308e+00, 3.225500164064463e+02, -1.446301209106645e+01, 2.783361184026357e+05, 9.434956943137040e+04, 2.677541768308567e+02, 8.018298835306837e-01, -1.850552076750532e-01
244, 2.818021506904030e-01, -5.731088487492983e-02, 1.234005812035665e+00, 3.221738728011043e+02, -1.647839744711708e+01, 2.796548338680604e+05, 9.499531251787690e+04, 2.681731639844404e+02, 7.963132460175858e-01, -1.679239181005279e-01
245, 2.751267105412556e-01, -5.695427262973587e-02, 1.237541640477791e+00, 3.210766975352133e+02, -1.713954253482294e+01, 2.803082897674404e+05, 9.541535130410308e+04, 2.685893437317984e+02, 7.908126918871924e-01, -1.567804676637565e-01
246, 2.685532657015855e-01, -5.660310913031737e-02, 1.238839857499785e+00, 3.204510996051320e+02, -1.775227040328305e+01, 2.805335005528234e+05, 9.558428553466915e+04, 2.687829238965634e+02, 7.882469508537427e-01, -1.522987143421159e-01
247, 2.620829997888608e-01, -5.623238278968790e-02, 1.244031636568809e+00, 3.202297239599300e+02, -1.953423550179760e+01, 2.816011650426053e+05, 9.609287037100490e+04, 2.690853703811801e+02, 7.842289154019816e-01, -1.388061748375638e-01
248, 2.557168486945100e-01, -5.582035540185513e-02, 1.249272473177881e+00, 3.193718813220163e+02, -2.064208867292199e+01, 2.826304583087150e+05, 9.665472054366517e+04, 2.695232557204866e+02, 7.783909473597630e-01, -1.239005286038378e-01
249, 2.494515865535043e-01, -5.541485770697059e-02, 1.249116920623427e+00, 3.184163241795176e+02, -2.062255386719606e+01, 2.825283915939860e+05, 9.670956077669350e+04, 2.697097613794233e+02, 7.758968774632627e-01, -1.224456405346130e-01
250, 2.432867642572425e-01, -5.501586063801382e-02, 1.252467075579087e+00, 3.183774816793097e+02, -2.224184908601628e+01, 2.832288576940352e+05, 9.702621799605385e+04, 2.698690812056180e+02, 7.737627288624437e-01, -1.140448591184707e-01
251, 2.372262223999949e-01, -5.456149336841864e-02, 1.258800287053289e+00, 3.176890376319081e+02, -2.389062618973253e+01, 2.845027660888848e+05, 9.767510333639370e+04, 2.703070615235358e+02, 7.678783342563016e-01, -9.683020688554334e-02
252, 2.312652604752457e-01, -5.411098563541575e-02, 1.260585137243395e+00, 3.165178099987439e+02, -2.391691940874239e+01, 2.847894845573339e+05, 9.793027406649182e+04, 2.706294985860048e+02, 7.635296035223358e-01, -9.006063589113519e-02
253, 2.254030358018099e-01, -5.366794010328138e-02, 1.261810042185178e+00, 3.161801004090682e+02, -2.466835941893525e+01, 2.850239766677022e+05, 9.806766906421732e+04, 2.707461057400304e+02, 7.619533669165194e-01, -8.641560500917771e-02
254, 2.196411551531876e-01, -5.320469882284945e-02, 1.266609200641336e+00, 3.158157505831994e+02, -2.633022289293103e+01, 2.860051674395752e+05, 9.854352609310669e+04, 2.710290264379883e+02, 7.581210375498244e-01, -7.379132032332840e-02
255, 2.139793961832167e-01, -5.271569666511410e-02, 1.271167813771361e+00, 3.148809176293030e+02, -2.716928773849228e+01, 2.868919131839960e+05, 9.904079742086679e+04, 2.714198372687702e+02, 7.528084513603492e-01, -6.059892339182636e-02
256, 2.084142858983390e-01, -5.223504198663451e-02, 1.270887349259518e+00, 3.140396905403612e+02, -2.713431718889498e+01, 2.867738845343121e+05, 9.907367570668666e+04, 2.715698576249707e+02, 7.507632132697184e-01, -5.972667644584452e-02
257, 2.029450819662734e-01, -5.176267067269134e-02, 1.273374263214025e+00, 3.139275063607555e+02, -2.862745096869125e+01, 2.872928233710192e+05, 9.930977602432916e+04, 2.716853869787666e+02, 7.491859328412299e-01, -5.346303538690089e-02
258, 1.975757127907180e-01, -5.124737630959147e-02, 1.279465605388967e+00, 3.131976692423501e+02, -3.030254455388364e+01, 2.885206389423091e+05, 9.993132148690084e+04, 2.720842233387815e+02, 7.437254371288682e-01, -3.697369848876494e-02
259, 1.923013848680266e-01, -5.073240213034074e-02, 1.282313742887110e+00, 3.120185714431076e+02, -3.044548997172030e+01, 2.890325737753048e+05, 1.002840950227266e+05, 2.724382665295824e+02, 7.388579294326976e-01, -2.761476655012693e-02
260, 1.871204431065276e-01, -5.022654597757951e-02, 1.281975384446479e+00, 3.115067439363983e+02, -3.070617734915436e+01, 2.889283003694737e+05, 1.002856411817211e+05, 2.725143740845942e+02, 7.378090426103669e-01, -2.757374760928714e-02
261, 1.820329451757809e-01, -4.972079208896711e-02, 1.285451478474712e+00, 3.112972710047281e+02, -3.249725545232911e+01, 2.896506850771261e+05, 1.006186154871667e+05, 2.726798172902115e+02, 7.355258316571045e-01, -1.874008083582612e-02
262, 1.770421396638158e-01, -4.917503184785674e-02, 1.291514149023818e+00, 3.103129318415211e+02, -3.391053360851595e+01, 2.908570342479930e+05, 1.012529224995774e+05, 2.731107181129988e+02, 7.295587237372316e-01, -1.912185445497040e-03
263, 1.721419334159263e-01, -4.863917892052320e-02, 1.293228796716341e+00, 3.091331493277763e+02, -3.379394208391753e+01, 2.911329815068390e+05, 1.014975506033575e+05, 2.734075734332756e+02, 7.254303708780570e-01, 4.577694154448042e-03
264, 1.673313861737456e-01, -4.811313048676413e-02, 1.293531052129045e+00, 3.087746814499648e+02, -3.442932663705935e+01, 2.911763575774382e+05, 1.015459407528416e+05, 2.734740069422198e+02, 7.245044943817120e-01, 5.861464249227522e-03
265, 1.626118018038054e-01, -4.757716925293299e-02, 1.297712534174984e+00, 3.083430691591195e+02, -3.626976376537488e+01, 2.920338086950415e+05, 1.019580078651783e+05, 2.736989852444696e+02, 7.213635247543299e-01, 1.679342956653225e-02
266, 1.579841828170123e-01, -4.701401296462235e-02, 1.303269244244796e+00, 3.071895976460389e+02, -3.735926542885356e+01, 2.931245650193972e+05, 1.025542956653990e+05, 2.741258902338062e+02, 7.153798250013630e-01, 3.261269141972865e-02
267, 1.534431579426574e-01, -4.646139471306223e-02, 1.304575554046157e+00, 3.061109646986885e+02, -3.724295656808795e+01, 2.933239510151150e+05, 1.027515116651795e+05, 2.743780270937900e+02, 7.118309570757424e-01, 3.784474805582400e-02
268, 1.489877122356940e-01, -4.591919098491089e-02, 1.305023280756810e+00, 3.057656532465134e+02, -3.807411103379055e+01, 2.934011964166117e+05, 1.028101982710745e+05, 2.744405510819026e+02, 7.109491933397294e-01, 3.940167876207882e-02
269, 1.446198790539227e-01, -4.536340399215030e-02, 1.309585938121095e+00, 3.051863122157683e+02, -4.000998916785087e+01, 2.943323258687237e+05, 1.032643137200083e+05, 2.746923756342907e+02, 7.073907188327904e-01, 5.144916857422351e-02
270, 1.403396642479018e-01, -4.478572801171234e-02, 1.315145090155092e+00, 3.038710348711481e+02, -4.098770150678406e+01, 2.954157871042481e+05, 1.038686379979398e+05, 2.751320057424725e+02, 7.011509137505444e-01, 6.748163476471732e-02
271, 1.361417610102252e-01, -4.421916115034889e-02, 1.316585542327893e+00, 3.027821613530708e+02, -4.085132252857123e+01, 2.956441044319512e+05, 1.040776489375375e+05, 2.753840208698236e+02, 6.975578869722584e-01, 7.302660614003981e-02
272, 1.320251044350146e-01, -4.366355968383699e-02, 1.316722084040701e+00, 3.024025568711348e+02, -4.166923995453722e+01, 2.956550629400922e+05, 1.041081451598939e+05, 2.754361470852926e+02, 6.968132250825967e-01, 7.383565795497234e-02
273, 1.279917375134870e-01, -4.309686323662289e-02, 1.321225427713629e+00, 3.017679578600828e+02, -4.376360474536665e+01, 2.965750923640511e+05, 1.045553527106594e+05, 2.756764664046207e+02, 6.933734032147666e-01, 8.569988416531345e-02
274, 1.240423778795605e-01, -4.250627024626032e-02, 1.327346917341628e+00, 3.002843939906921e+02, -4.488311188239331e+01, 2.977707891426892e+05, 1.052181698629030e+05, 2.761446561176353e+02, 6.866398658619582e-01, 1.032841414455231e-01
275, 1.201708601412495e-01, -4.192731784631450e-02, 1.329605883729859e+00, 2.990290464118309e+02, -4.469113258239920e+01, 2.981611313443784e+05, 1.055136608109542e+05, 2.764496906138810e+02, 6.822294940197480e-01, 1.111233906817849e-01
276, 1.163760913053583e-01, -4.135984258899145e-02, 1.329018659005602e+00, 2.985676146971045e+02, -4.520430784939566e+01, 2.980134434766761e+05, 1.054830644079033e+05, 2.764916403313538e+02, 6.816214920370203e-01, 1.103116811156164e-01
277, 1.126590188993553e-01, -4.079069409964830e-02, 1.332890938633292e+00, 2.980051869494001e+02, -4.747427678537113e+01, 2.988112993330382e+05, 1.058608514216260e+05, 2.766757605325631e+02, 6.789486802308508e-01, 1.203342099894329e-01
278, 1.090233457927247e-01, -4.018920317837117e-02, 1.339979010681902e+00, 2.963717235201182e+02, -4.901421622856334e+01, 3.002091295091751e+05, 1.066149942835997e+05, 2.771728181924164e+02, 6.716979073527133e-01, 1.403412995255018e-01
279, 1.054609402917120e-01, -3.959983375380466e-02, 1.343517369590664e+00, 2.947937281467869e+02, -4.872555941259031e+01, 3.008489319817508e+05, 1.070494547316361e+05, 2.775693569415470e+02, 6.658757118216470e-01, 1.518673505193363e-01
280, 1.019707002446854e-01, -3.902240348441779e-02, 1.342054375352663e+00, 2.942386241367942e+02, -4.870295701051112e+01, 3.005069748616123e+05, 1.069472397092667e+05, 2.776066165541572e+02, 6.653268868694772e-01, 1.491556294282906e-01
281, 9.855152307562677e-02, -3.845672995846849e-02, 1.344712892383039e+00, 2.938700544713844e+02, -5.111982313792456e+01, 3.010673863168647e+05, 1.071939669147964e+05, 2.776969563283109e+02, 6.639949337635198e-01, 1.557011973053078e-01
282, 9.521185479770926e-02, -3.784784468307066e-02, 1.352524165555794e+00, 2.921530023900582e+02, -5.336176923002624e+01, 3.026252149510370e+05, 1.080076786849208e+05, 2.781889941212508e+02, 6.567083637393586e-01, 1.772886246513994e-01
283, 9.194130572679904e-02, -3.724886506411124e-02, 1.357012230619241e+00, 2.900995609942625e+02, -5.309504995240255e+01, 3.034388323588615e+05, 1.085566595898649e+05, 2.786782370671226e+02, 6.494080640600636e-01, 1.918528546834438e-01
284, 8.873831572067666e-02, -3.666225844491623e-02, 1.357560446484480e+00, 2.892865551722310e+02, -5.297093495219883e+01, 3.035030675772139e+05, 1.086588653663119e+05, 2.788279688187692e+02, 6.471625315132484e-01, 1.945643304840985e-01
285, 8.560179261762621e-02, -3.608782480322813e-02, 1.358235504619423e+00, 2.887813437140107e+02, -5.458551798087927e+01, 3.036324856172033e+05, 1.087343982513051e+05, 2.788831157498267e+02, 6.463341345999639e-01, 1.965681858133398e-01
286, 8.253724647069921e-02, -3.549123785636217e-02, 1.364389930644917e+00, 2.873971439932321e+02, -5.722815248584003e+01, 3.048735912112389e+05, 1.093618062354480e+05, 2.792270667874542e+02, 6.411507221764899e-01, 2.132130529165572e-01
287, 7.954183624028884e-02, -3.488138702645228e-02, 1.371094505488548e+00, 2.850851740622014e+02, -5.802334137512790e+01, 3.061552273207001e+05, 1.101157115539055e+05, 2.797771516101070e+02, 6.327995307059037e-01, 2.332138405241223e-01
288, 7.660940141397771e-02, -3.428435767991182e-02, 1.374515913940431e+00, 2.835541783599501e+02, -5.766213993193427e+01, 3.067804193119090e+05, 1.105292757556358e+05, 2.801288879429724e+02, 6.274187869644875e-01, 2.441855229866138e-01
289, 7.373887317851470e-02, -3.369993221160559e-02, 1.372508367244469e+00, 2.829523726702665e+02, -5.789765129602576e+01, 3.063251373533303e+05, 1.103750568056491e+05, 2.801471990420711e+02, 6.271377774801192e-01, 2.400941598031619e-01
290, 7.093021191407479e-02, -3.312315033573299e-02, 1.376302487502608e+00, 2.821820838672730e+02, -6.112958917131850e+01, 3.071187430035011e+05, 1.107333644602471e+05, 2.802818310103864e+02, 6.250689134424212e-01, 2.495999095602297e-01
291, 6.819391631583829e-02, -3.250020596295103e-02, 1.385374582782147e+00, 2.795680849159860e+02, -6.361554588707823e+01, 3.089100174169681e+05, 1.116964221556069e+05, 2.808680841880566e+02, 6.160025717775196e-01, 2.751494208146860e-01
292, 6.551607101787538e-02, -3.189056837093732e-02, 1.390493294898340e+00, 2.769356219149564e+02, -6.299715347094621e+01, 3.098303059212265e+05, 1.123301994643225e+05, 2.814219554363092e+02, 6.073481415447322e-01, 2.919632633911659e-01
293, 6.289564123699387e-02, -3.129400198120866e-02, 1.391554388682200e+00, 2.758934543705005e+02, -6.277848421686395e+01, 3.099921261139548e+05, 1.124905324897498e+05, 2.816087420223505e+02, 6.044093629835053e-01, 2.962168303969149e-01
294, 6.033160062512821e-02, -3.071027313562066e-02, 1.391851721408404e+00, 2.751045397404505e+02, -6.460094107283048e+01, 3.100340610941987e+05, 1.125388691681318e+05, 2.816695638445019e+02, 6.034501877959191e-01, 2.974991819260839e-01
295, 5.783091819724417e-02, -3.010615121426509e-02, 1.398760062801139e+00, 2.731105634300177e+02, -6.802763761400013e+01, 3.114265015448940e+05, 1.132438346567155e+05, 2.820341438398481e+02, 5.976771663036906e-01, 3.162016166518066e-01
296, 5.539273134568354e-02, -2.948080512128733e-02, 1.407077689122970e+00, 2.698105676983366e+02, -6.917896175171371e+01, 3.130165792440019e+05, 1.141790286319731e+05, 2.826822975271186e+02, 5.873113246480252e-01, 3.410119152570368e-01
297, 5.300755896424938e-02, -2.886905617807013e-02, 1.412087232029998e+00, 2.674661311223442e+02, -6.849088169384127e+01, 3.139379927753473e+05, 1.147785366144316e+05, 2.831584344233345e+02, 5.796093266275296e-01, 3.569166071760763e-01
298, 5.067441899785320e-02, -2.827065250715285e-02, 1.410544884278601e+00, 2.664963128548113e+02, -6.837651303671910e+01, 3.135579190246582e+05, 1.146903461103215e+05, 2.832502477901226e+02, 5.781153567961953e-01, 3.545769505925168e-01
299, 4.839233964535699e-02, -2.768534486100782e-02, 1.413699175620638e+00, 2.652646403973896e+02, -7.196585641055465e+01, 3.142095743380480e+05, 1.149963489420164e+05, 2.833722983140220e+02, 5.761248816929994e-01, 3.626950756331584e-01
300, 4.617684623928173e-02, -2.705271955154915e-02, 1.423826623219667e+00, 2.616746684561848e+02, -7.551051554664886e+01, 3.162141693828066e+05, 1.160664960843075e+05, 2.839750010455829e+02, 5.662186164692840e-01, 3.910856243901313e-01
301, 4.401352435321028e-02, -2.642166909488819e-02, 1.431300582441689e+00, 2.576847572255139e+02, -7.513052262346415e+01, 3.175835766984507e+05, 1.169662190230918e+05, 2.846819609642128e+02, 5.544282594598082e-01, 4.149548914767436e-01
302, 4.189798112903659e-02, -2.580455588288941e-02, 1.435767510701417e+00, 2.555542591697205e+02, -7.440244530960926e+01, 3.184102753824965e+05, 1.174957014141458e+05, 2.850809529461269e+02, 5.476884215908087e-01, 4.290018342242532e-01
303, 3.982929675835969e-02, -2.520111160341895e-02, 1.433793437613142e+00, 2.543609720686380e+02, -7.497028809487492e+01, 3.179397069183287e+05, 1.173669317198509e+05, 2.851605923110703e+02, 5.463354637093605e-01, 4.255856289756252e-01
304, 3.780970984575736e-02, -2.460103150735723e-02, 1.440176211431663e+00, 2.519842695994656e+02, -7.979715438586595e+01, 3.192475559322502e+05, 1.179969237798109e+05, 2.854206543796225e+02, 5.418991671225298e-01, 4.422990505117587e-01
305, 3.585658713852672e-02, -2.394578891434043e-02, 1.452128560048961e+00, 2.467770506375214e+02, -8.275487210489803e+01, 3.215743043122609e+05, 1.192989663851474e+05, 2.861949453327351e+02, 5.285195357935561e-01, 4.768416873227290e-01
306, 3.394708432870557e-02, -2.330518012522131e-02, 1.459003718326451e+00, 2.423571940550798e+02, -8.119685305295351e+01, 3.227971569694382e+05, 1.201634451098969e+05, 2.869104177015460e+02, 5.159144853694728e-01, 4.997759403935921e-01
307, 3.208033892175768e-02, -2.267891578636413e-02, 1.461673503275449e+00, 2.402151124268327e+02, -8.048775083797112e+01, 3.232522090006798e+05, 1.205189527341288e+05, 2.872336520818363e+02, 5.101387535502071e-01, 5.092074065353609e-01
308, 3.025550023271988e-02, -2.206671050606307e-02, 1.462838501497681e+00, 2.380335526892239e+02, -8.279236945647672e+01, 3.234347151418100e+05, 1.206901457011011e+05, 2.874125808965431e+02, 5.069189111083454e-01, 5.137490831736530e-01
309, 2.848524192288416e-02, -2.143109124415377e-02, 1.472811991946583e+00, 2.333782911530277e+02, -8.768555463681834e+01, 3.254236192319280e+05, 1.217292416633070e+05, 2.879240550467019e+02, 4.976225474063604e-01, 5.413158573230643e-01
310, 2.677286432485367e-02, -2.076042114048244e-02, 1.484301874187736e+00, 2.268323600525060e+02, -8.880585386623156e+01, 3.275977442889623e+05, 1.230435005557588e+05, 2.887797843061756e+02, 4.817448690145573e-01, 5.761825870379643e-01
311, 2.509920871083270e-02, -2.010491689570805e-02, 1.491567723302351e+00, 2.222033846603251e+02, -8.678216649742848e+01, 3.289124886881182e+05, 1.239347031744052e+05, 2.894544957772601e+02, 4.689160591524233e-01, 5.998258136533746e-01
312, 2.346348679845343e-02, -1.946426977102327e-02, 1.491567806949600e+00, 2.196911908169018e+02, -8.607464867213115e+01, 3.287944692542384e+05, 1.240527480022350e+05, 2.897301779836216e+02, 4.635897771842005e-01, 6.029574927539075e-01
313, 2.186492223271773e-02, -1.883817569909638e-02, 1.497940051654133e+00, 2.154300731315013e+02, -9.091676652542587e+01, 3.300585835124906e+05, 1.247232781304903e+05, 2.900570523869296e+02, 4.572074249929164e-01, 6.207463720088623e-01
314, 2.033585529626716e-02, -1.814914871616025e-02, 1.512294760405796e+00, 2.071029253616516e+02, -9.507191579948770e+01, 3.328626914667712e+05, 1.262773293423545e+05, 2.908836333205263e+02, 4.407227221397105e-01, 6.619746900201623e-01
315, 1.885050189356052e-02, -1.745525768263185e-02, 1.522039124763895e+00, 1.992815606108433e+02, -9.295176863838648e+01, 3.346087091287776e+05, 1.274897479418593e+05, 2.917963072255040e+02, 4.218887318567484e-01, 6.941396400562890e-01
316, 1.739910708644139e-02, -1.677723059430763e-02, 1.528035947661516e+00, 1.943958247607960e+02, -9.057804811358123e+01, 3.356708233230604e+05, 1.282482982488186e+05, 2.923804869557758e+02, 4.094440322201631e-01, 7.142636572341862e-01
317, 1.598096198839515e-02, -1.611473629094292e-02, 1.530626808560738e+00, 1.895939631794548e+02, -9.157835634605537e+01, 3.360703142665168e+05, 1.286354052371640e+05, 2.927666131735400e+02, 4.010347542022381e-01, 7.245334410727493e-01
318, 1.461209107570278e-02, -1.543527513928242e-02, 1.543782632862195e+00, 1.804821409783034e+02, -9.682801125121556e+01, 3.386675181540995e+05, 1.300323733848222e+05, 2.934240342476309e+02, 3.863495274672430e-01, 7.615944121679148e-01
319, 1.331661239493387e-02, -1.469080254795344e-02, 1.558511708137618e+00, 1.685161431293870e+02, -9.678461136474959e+01, 3.414414244036468e+05, 1.317302857977203e+05, 2.944461703586144e+02, 3.624787872305581e-01, 8.066393066861093e-01
320, 1.205098409892222e-02, -1.396348407395754e-02, 1.567250796416167e+00, 1.599875407313615e+02, -9.150213397008817e+01, 3.429712481531379e+05, 1.328536916110660e+05, 2.953013774590251e+02, 3.413650750846676e-01, 8.364427853454761e-01
321, 1.081457198908635e-02, -1.325295526246547e-02, 1.569250916416272e+00, 1.538866924113944e+02, -8.874962072369648e+01, 3.431815589275790e+05, 1.332506269674562e+05, 2.958061612242850e+02, 3.283274574383699e-01, 8.469733116101494e-01
322, 9.606771115269490e-03, -1.255882998693200e-02, 1.583569547717828e+00, 1.416011998971772e+02, -9.334631850851322e+01, 3.460087515052683e+05, 1.347706402666876e+05, 2.964752850589256e+02, 3.102756466675263e-01, 8.872986182690866e-01
323, 8.514376187210168e-03, -1.174741101295516e-02, 1.600969668779094e+00, 1.241202669755615e+02, -9.212530095713736e+01, 3.493192556664775e+05, 1.367428972179421e+05, 2.975445627227116e+02, 2.792071792078681e-01, 9.396217567638453e-01
324, 7.447330963422086e-03, -1.095482152134046e-02, 1.609057345102949e+00, 1.114678370666496e+02, -8.246509544665048e+01, 3.506480567249379e+05, 1.378695538909290e+05, 2.984882181636524e+02, 2.488030246957881e-01, 9.695114793475273e-01
325, 6.405088340787457e-03, -1.018065512989123e-02, 1.615309329819469e+00, 1.006552629699075e+02, -7.558160895082015e+01, 3.516982004522111e+05, 1.387175430346120e+05, 2.991617270812341e+02, 2.247375790531150e-01, 9.920082708425471e-01
326, 5.390549686772286e-03, -9.420614270316617e-03, 1.630937953050305e+00, 8.199402872769478e+01, -7.307629154801610e+01, 3.547428292795441e+05, 1.404178399814551e+05, 2.999267449448968e+02, 1.939709777728141e-01, 1.037116426032616e+00
327, 4.533673109907422e-03, -8.526370572423357e-03, 1.644162802807371e+00, 6.004914204702275e+01, -6.254435033980788e+01, 3.572073347625403e+05, 1.419684630013834e+05, 3.007997058674207e+02, 1.516735982543819e-01, 1.078253795569210e+00
328, 3.696808525638524e-03, -7.653011560544865e-03, 1.649503257321019e+00, 4.282988398100366e+01, -4.491420190480065e+01, 3.580458550520208e+05, 1.427513305763051e+05, 3.014791851528609e+02, 1.080922765193937e-01, 1.099022939528684e+00
329, 2.879517928600106e-03, -6.800080128549046e-03, 1.658687425620470e+00, 2.353955128280581e+01, -2.716969824709566e+01, 3.598152614346065e+05, 1.437702822100297e+05, 3.019499195353562e+02, 6.221588967831758e-02, 1.126055293207002e+00
330, 2.173071821412185e-03, -5.898501713070631e-03, 1.662503799519265e+00, 3.150018466877830e+00, -4.152843902585577e+00, 3.605339154693664e+05, 1.442102977767114e+05, 3.021787862118715e+02, 8.996864538959457e-03, 1.137728719136972e+00
331, 1.612469619884786e-03, -4.921327997451444e-03, 1.658943652913293e+00, -1.391924660708461e+01, 2.471371449668128e+01, 3.598288046383361e+05, 1.438345308443475e+05, 3.020381984803364e+02, 4.907441677005919e-02, 1.127759782162850e+00
332, 1.065036011078531e-03, -3.967108174349511e-03, 1.654896507938079e+00, -3.111459030395045e+01, 5.952314321585560e+01, 3.592712767518054e+05, 1.431633258766030e+05, 3.013639397866150e+02, 1.166210571470881e-01, 1.109952999703128e+00
333, 5.751031449239228e-04, -3.018813850431222e-03, 1.631543826968301e+00, -3.426062654386773e+01, 1.021503306115199e+02, 3.548340151014187e+05, 1.405106003715390e+05, 3.000134259373392e+02, 1.901821508623099e-01, 1.039577319748368e+00
334, 3.788072313212839e-04, -1.988423340490460e-03, 1.598022499071912e+00, -2.613085109105320e+01, 1.390958332630283e+02, 3.483387751452968e+05, 1.368286026495544e+05, 2.982801463472111e+02, 2.558006745187941e-01, 9.418954854304621e-01
335, 1.871406774526362e-04, -9.823331241699839e-04, 1.579773372111849e+00, -3.203697106434057e+01, 1.817841235634311e+02, 3.456716882905862e+05, 1.339551660881159e+05, 2.953894792521924e+02, 3.391225088265038e-01, 8.656644349761010e-01
