"PointID","x","y","Density","Momentum_x","Momentum_y","Energy","Nu_Tilde","Pressure","Temperature","Mach","Pressure_Coefficient","Laminar_Viscosity","Skin_Friction_Coefficient_x","Skin_Friction_Coefficient_y","Heat_Flux","Y_Plus","Eddy_Viscosity"
0, 1.868553667329603e-04, 9.823874347339191e-04, 5.020048678566309e-01, 1.555535108370367e+01, 8.177947914723499e+01, 1.038079900010915e+05, 1.117411548521850e-04, 3.876232549871490e+04, 2.689875882140871e+02, 5.043582051708442e-01, 4.485644666469081e-01, 1.695323984042240e-05, 0.000000000000000e+00, 0.000000000000000e+00, 0.000000000000000e+00, 0.000000000000000e+00, 5.155618236645350e-06
1, 3.829748717147122e-04, 2.013480845476851e-03, 5.050553704095107e-01, 1.801147127014348e+01, 9.469618949370926e+01, 1.050841012443478e+05, 1.112460457418692e-04, 3.835413050880077e+04, 2.645473975360464e+02, 5.853422958122814e-01, 4.155330514924522e-01, 1.673101775495118e-05, 0.000000000000000e+00, 0.000000000000000e+00, 0.000000000000000e+00, 0.000000000000000e+00, 5.376146739455659e-06
2, 5.888009242964814e-04, 3.095606188369375e-03, 4.592133597615859e-01, 3.514915132342020e+01, 9.677769272469389e+01, 9.643778854848276e+04, 1.012786416670016e-04, 3.395792194167024e+04, 2.576065709133006e+02, 6.968502629149030e-01, 5.978887560971145e-02, 1.638012814432788e-05, 0.000000000000000e+00, 0.000000000000000e+00, 0.000000000000000e+00, 0.000000000000000e+00, 2.795627069978046e-06
3, 1.142977001023326e-03, 4.105868637992396e-03, 4.288659091849953e-01, 4.983261687548967e+01, 8.866936811271668e+01, 9.043036639972060e+04, 9.591734136918759e-05, 3.134753992895868e+04, 2.546315913718398e+02, 7.413959459278316e-01, -1.514450055110229e-01, 1.622839006923255e-05, 0.000000000000000e+00, 0.000000000000000e+00, 0.000000000000000e+00, 0.000000000000000e+00, 1.790386868119337e-06
4, 1.747574329309615e-03, 5.157385918251107e-03, 4.368361997045040e-01, 5.511392195090558e+01, 9.585405802747974e+01, 9.260363749650316e+04, 9.608741315126849e-05, 3.144414193644392e+04, 2.507560805793425e+02, 7.973351486136823e-01, -1.436279056130793e-01, 1.602949135511885e-05, 0.000000000000000e+00, 0.000000000000000e+00, 0.000000000000000e+00, 0.000000000000000e+00, 2.005151559509620e-06
5, 2.381922782949155e-03, 6.260646434796951e-03, 3.955591814690425e-01, 6.638504909772743e+01, 8.862505972415205e+01, 8.464660671865061e+04, 8.735179443708321e-05, 2.765912740416915e+04, 2.435888194112130e+02, 8.947065452114688e-01, -4.499138460836340e-01, 1.565791546033007e-05, 0.000000000000000e+00, 0.000000000000000e+00, 0.000000000000000e+00, 0.000000000000000e+00, 1.007182904528195e-06
6, 3.299218247374724e-03, 7.228666028407254e-03, 3.697629920259100e-01, 7.335007041114173e+01, 7.665555333111237e+01, 7.933508744328718e+04, 8.328926483981605e-05, 2.564564488497717e+04, 2.416131276472376e+02, 9.208002053112344e-01, -6.128462157623061e-01, 1.555461958856920e-05, 0.000000000000000e+00, 0.000000000000000e+00, 0.000000000000000e+00, 0.000000000000000e+00, 6.537001825224715e-07
7, 4.272227943437316e-03, 8.236009621867529e-03, 3.825466618549657e-01, 7.785170177596125e+01, 8.060014312838780e+01, 8.227460737718089e+04, 8.477664562954621e-05, 2.634475074442636e+04, 2.399053994869375e+02, 9.433966992764623e-01, -5.562740959397741e-01, 1.546502640397618e-05, 0.000000000000000e+00, 0.000000000000000e+00, 0.000000000000000e+00, 0.000000000000000e+00, 8.146415845668910e-07
8, 5.292797628383674e-03, 9.292591419531700e-03, 3.561678356487657e-01, 8.306559688760314e+01, 7.352913478296966e+01, 7.716115113762826e+04, 7.899102049508072e-05, 2.395399532233681e+04, 2.342899224015226e+02, 1.015045813096663e+00, -7.497356445404073e-01, 1.516838313417866e-05, 0.000000000000000e+00, 0.000000000000000e+00, 0.000000000000000e+00, 0.000000000000000e+00, 4.927899984727118e-07
9, 6.517546280448549e-03, 1.022348362414645e-02, 3.351572606904956e-01, 8.540635183777101e+01, 6.360936954508470e+01, 7.279800273152435e+04, 7.563453886882619e-05, 2.235199169079242e+04, 2.323260670213807e+02, 1.039842774318780e+00, -8.793708638350411e-01, 1.506389350585836e-05, 0.000000000000000e+00, 0.000000000000000e+00, 0.000000000000000e+00, 0.000000000000000e+00, 3.330763410707305e-07
10, 7.822151211042907e-03, 1.117635835772002e-02, 3.447767191304289e-01, 8.876933500830310e+01, 6.483683144390035e+01, 7.492564539716902e+04, 7.721586258084608e-05, 2.296061459593910e+04, 2.319935558222215e+02, 1.044184392159528e+00, -8.301206859809714e-01, 1.504616303279367e-05, 0.000000000000000e+00, 0.000000000000000e+00, 0.000000000000000e+00, 0.000000000000000e+00, 4.057467947601520e-07
11, 9.190029294116555e-03, 1.217544737954067e-02, 3.337959359725223e-01, 9.147547807095435e+01, 6.085942954554336e+01, 7.285239572162998e+04, 7.449685409060076e-05, 2.190801627110008e+04, 2.286400757609228e+02, 1.085867784630786e+00, -9.152976556100128e-01, 1.486671308302473e-05, 0.000000000000000e+00, 0.000000000000000e+00, 0.000000000000000e+00, 0.000000000000000e+00, 3.209327683684704e-07
12, 1.070607147058675e-02, 1.309504669053292e-02, 3.177006745228013e-01, 9.197095867186985e+01, 5.355688936417578e+01, 6.951398292967718e+04, 7.154524840833541e-05, 2.067498342141759e+04, 2.267030580092560e+02, 1.109843476554965e+00, -1.015075509241957e+00, 1.476253154668035e-05, 0.000000000000000e+00, 0.000000000000000e+00, 0.000000000000000e+00, 0.000000000000000e+00, 2.294727100097930e-07
13, 1.233045438020423e-02, 1.400406067138451e-02, 3.211934491835358e-01, 9.392638509484469e+01, 5.256054036645934e+01, 7.028359360607040e+04, 7.242479577100733e-05, 2.089985556518413e+04, 2.266767362564851e+02, 1.110260335442529e+00, -9.968787030072994e-01, 1.476111315759768e-05, 0.000000000000000e+00, 0.000000000000000e+00, 0.000000000000000e+00, 0.000000000000000e+00, 2.516284626601324e-07
14, 1.403290955275236e-02, 1.495676433777791e-02, 3.199325563799434e-01, 9.611889435859352e+01, 5.120828570950103e+01, 7.017142494822326e+04, 7.184093010522796e-05, 2.065380074652738e+04, 2.248909049556901e+02, 1.132321653504090e+00, -1.016789625646294e+00, 1.466471166541198e-05, 0.000000000000000e+00, 0.000000000000000e+00, 0.000000000000000e+00, 0.000000000000000e+00, 2.446125635927430e-07
15, 1.585408422537537e-02, 1.588137528770365e-02, 3.081344516494901e-01, 9.605529824403773e+01, 4.595002882963386e+01, 6.773683769900605e+04, 6.948081626339954e-05, 1.973559337408973e+04, 2.231209115398601e+02, 1.154009736181303e+00, -1.091091588351056e+00, 1.456883442389942e-05, 0.000000000000000e+00, 0.000000000000000e+00, 0.000000000000000e+00, 0.000000000000000e+00, 1.881642314686752e-07
16, 1.780665938070590e-02, 1.676191330458964e-02, 3.072617804742503e-01, 9.668899021858826e+01, 4.360358697022804e+01, 6.753531869141351e+04, 6.954951896169673e-05, 1.969135950405911e+04, 2.232531028793167e+02, 1.152446492498904e+00, -1.094671023084386e+00, 1.457600641458970e-05, 0.000000000000000e+00, 0.000000000000000e+00, 0.000000000000000e+00, 0.000000000000000e+00, 1.865144833425462e-07
17, 1.985209846923338e-02, 1.768432946550213e-02, 3.113243572687101e-01, 9.883545914498490e+01, 4.374607464661607e+01, 6.849153011956470e+04, 7.025302965098584e-05, 1.989179158734120e+04, 2.225825663554957e+02, 1.160791415448602e+00, -1.078451923103379e+00, 1.453960758591543e-05, 0.000000000000000e+00, 0.000000000000000e+00, 0.000000000000000e+00, 0.000000000000000e+00, 2.060480040412754e-07
18, 2.200663130726884e-02, 1.862099054432716e-02, 3.032257331491829e-01, 9.875489913580115e+01, 4.002063421068286e+01, 6.683553065989715e+04, 6.852283971080812e-05, 1.924528238454032e+04, 2.210999164024688e+02, 1.178877618498221e+00, -1.130767885833311e+00, 1.445895505221232e-05, 0.000000000000000e+00, 0.000000000000000e+00, 0.000000000000000e+00, 0.000000000000000e+00, 1.708573181226686e-07
19, 2.430893652126240e-02, 1.949041133636136e-02, 3.002689212901740e-01, 9.851083896754481e+01, 3.720202837298493e+01, 6.616353473980459e+04, 6.812792235252810e-05, 1.907978353397149e+04, 2.213570736182089e+02, 1.175785355780756e+00, -1.144160164954312e+00, 1.447296056831693e-05, 0.000000000000000e+00, 0.000000000000000e+00, 0.000000000000000e+00, 0.000000000000000e+00, 1.601333004108196e-07
20, 2.671940820900428e-02, 2.040067909373544e-02, 3.066362412442655e-01, 1.006082995962338e+02, 3.797469361397155e+01, 6.756966923490817e+04, 6.940623150548700e-05, 1.948531026122417e+04, 2.213676669754525e+02, 1.175781532247115e+00, -1.111344667422289e+00, 1.447353736139495e-05, 0.000000000000000e+00, 0.000000000000000e+00, 0.000000000000000e+00, 0.000000000000000e+00, 1.873904929586395e-07
21, 2.924286183913095e-02, 2.135283110735337e-02, 3.010172130214765e-01, 1.006139276312298e+02, 3.525454796834544e+01, 6.643464872417785e+04, 6.809487844772098e-05, 1.902210158735889e+04, 2.201392646826051e+02, 1.190736771288957e+00, -1.148827827156337e+00, 1.440657265945661e-05, 0.000000000000000e+00, 0.000000000000000e+00, 0.000000000000000e+00, 0.000000000000000e+00, 1.636382409141123e-07
22, 3.192727319733685e-02, 2.222544716367234e-02, 2.970883241554900e-01, 1.000274290583465e+02, 3.251722905941647e+01, 6.556412217565718e+04, 6.745544390178843e-05, 1.877812848643584e+04, 2.201897344328341e+02, 1.190147206133497e+00, -1.168570295785862e+00, 1.440932713326357e-05, 0.000000000000000e+00, 0.000000000000000e+00, 0.000000000000000e+00, 0.000000000000000e+00, 1.495036837054568e-07
23, 3.473602377622079e-02, 2.313848191366960e-02, 3.028290118937505e-01, 1.016955433033329e+02, 3.305627084522042e+01, 6.680485677772005e+04, 6.877568812894406e-05, 1.917002389165564e+04, 2.205238266350412e+02, 1.186146450711881e+00, -1.136857854068579e+00, 1.442755390477553e-05, 0.000000000000000e+00, 0.000000000000000e+00, 0.000000000000000e+00, 0.000000000000000e+00, 1.735966145236130e-07
24, 3.767419402706165e-02, 2.409358684915014e-02, 3.004690109844240e-01, 1.018753404971661e+02, 3.132091974938471e+01, 6.633159117806258e+04, 6.815365480165651e-05, 1.897140080293190e+04, 2.199530847558325e+02, 1.193074797669641e+00, -1.152930568984248e+00, 1.439640920440175e-05, 0.000000000000000e+00, 0.000000000000000e+00, 0.000000000000000e+00, 0.000000000000000e+00, 1.633575377079345e-07
25, 4.077658305062581e-02, 2.499559583840414e-02, 2.979501665211559e-01, 1.014659938678874e+02, 2.924914740050102e+01, 6.576671330675400e+04, 6.768401675165471e-05, 1.882163460737492e+04, 2.200614908440612e+02, 1.191762426360419e+00, -1.165049751002103e+00, 1.440232748281074e-05, 0.000000000000000e+00, 0.000000000000000e+00, 0.000000000000000e+00, 0.000000000000000e+00, 1.535066602067027e-07
26, 4.402475823548882e-02, 2.592415914162843e-02, 3.019872187107261e-01, 1.026780476066433e+02, 2.935161961722902e+01, 6.663506350485333e+04, 6.866454494257935e-05, 1.910118983283679e+04, 2.203444945001451e+02, 1.188353881107157e+00, -1.142427952746395e+00, 1.441777172816597e-05, 0.000000000000000e+00, 0.000000000000000e+00, 0.000000000000000e+00, 0.000000000000000e+00, 1.709306308794495e-07
27, 4.742002395066493e-02, 2.689477155271397e-02, 3.008346933689172e-01, 1.028787673255541e+02, 2.804209832556218e+01, 6.640498945473581e+04, 6.836063013732595e-05, 1.900276122846313e+04, 2.200488673552576e+02, 1.191932163794580e+00, -1.150392862102152e+00, 1.440163838602974e-05, 0.000000000000000e+00, 0.000000000000000e+00, 0.000000000000000e+00, 0.000000000000000e+00, 1.659609751223095e-07
28, 5.099130694531326e-02, 2.782305629238906e-02, 2.992569356808744e-01, 1.025728557837344e+02, 2.639627087322850e+01, 6.604107975831516e+04, 6.803109540281220e-05, 1.891922631033263e+04, 2.202365995749678e+02, 1.189649450855673e+00, -1.157152564275964e+00, 1.441188463471325e-05, 0.000000000000000e+00, 0.000000000000000e+00, 0.000000000000000e+00, 0.000000000000000e+00, 1.590969931526449e-07
29, 5.472699861466274e-02, 2.877509226975092e-02, 3.026408085138171e-01, 1.036141930129583e+02, 2.640496827125408e+01, 6.676998940206363e+04, 6.886383425651558e-05, 1.915242293554962e+04, 2.204583640406892e+02, 1.186978412476942e+00, -1.138282135362123e+00, 1.442398346244359e-05, 0.000000000000000e+00, 0.000000000000000e+00, 0.000000000000000e+00, 0.000000000000000e+00, 1.741802690241913e-07
30, 5.862847604808664e-02, 2.976937852521476e-02, 3.015175535572037e-01, 1.037068075617238e+02, 2.519364070481438e+01, 6.654103359324019e+04, 6.858108889073543e-05, 1.906141616948571e+04, 2.202281892943385e+02, 1.189763272800660e+00, -1.145646464533223e+00, 1.441142569036470e-05, 0.000000000000000e+00, 0.000000000000000e+00, 0.000000000000000e+00, 0.000000000000000e+00, 1.692785572877550e-07
31, 6.272352735598910e-02, 3.071769188857484e-02, 3.004449225923763e-01, 1.034560292611584e+02, 2.382158291276033e+01, 6.628645128243990e+04, 6.834773022337805e-05, 1.901196225888324e+04, 2.204410240232766e+02, 1.187172798881586e+00, -1.149648308486441e+00, 1.442303763120402e-05, 0.000000000000000e+00, 0.000000000000000e+00, 0.000000000000000e+00, 0.000000000000000e+00, 1.642564908724036e-07
32, 6.700010044914098e-02, 3.169695182641320e-02, 3.034982603526830e-01, 1.044050180302242e+02, 2.381952440932272e+01, 6.694540621717444e+04, 6.911430461946628e-05, 1.922109937906050e+04, 2.206238014491428e+02, 1.184972841237439e+00, -1.132724791021820e+00, 1.443300581715614e-05, 0.000000000000000e+00, 0.000000000000000e+00, 0.000000000000000e+00, 0.000000000000000e+00, 1.783782976953735e-07
33, 7.146356100540578e-02, 3.271176263924763e-02, 3.022126490844239e-01, 1.043752892443206e+02, 2.263692746807232e+01, 6.667824490024963e+04, 6.876587587511682e-05, 1.912255271426873e+04, 2.204263830169845e+02, 1.187368260080066e+00, -1.140699253906601e+00, 1.442223899555334e-05, 0.000000000000000e+00, 0.000000000000000e+00, 0.000000000000000e+00, 0.000000000000000e+00, 1.722874933981158e-07
34, 7.613872788191026e-02, 3.367891575346700e-02, 3.016578613153578e-01, 1.042965053680442e+02, 2.157624972803829e+01, 6.654581258617026e+04, 6.867403862396470e-05, 1.909768855256009e+04, 2.205446383671280e+02, 1.185926789326205e+00, -1.142711278718661e+00, 1.442868891622801e-05, 0.000000000000000e+00, 0.000000000000000e+00, 0.000000000000000e+00, 0.000000000000000e+00, 1.699012554736543e-07
35, 8.101299116475510e-02, 3.468725599843666e-02, 3.036667067362596e-01, 1.049481817733210e+02, 2.133762177534527e+01, 6.697737320783011e+04, 6.922985941851756e-05, 1.923699970214282e+04, 2.206838256360956e+02, 1.184238990978014e+00, -1.131438126104809e+00, 1.443627859352838e-05, 0.000000000000000e+00, 0.000000000000000e+00, 0.000000000000000e+00, 0.000000000000000e+00, 1.798416730372604e-07
36, 8.609954986055014e-02, 3.570416472155676e-02, 3.029145312706326e-01, 1.048631116412963e+02, 2.030483885963550e+01, 6.680945738208437e+04, 6.897252454932730e-05, 1.919125645675885e+04, 2.207057494194937e+02, 1.183967043841652e+00, -1.135139700514402e+00, 1.443747387617233e-05, 0.000000000000000e+00, 0.000000000000000e+00, 0.000000000000000e+00, 0.000000000000000e+00, 1.754180541905068e-07
37, 9.141092485918553e-02, 3.670058784245282e-02, 3.035996521192041e-01, 1.051572929897833e+02, 1.972756389300329e+01, 6.695454879693098e+04, 6.917480687414713e-05, 1.924081414133733e+04, 2.207763353367309e+02, 1.183106627857547e+00, -1.131129459100734e+00, 1.444132186446351e-05, 0.000000000000000e+00, 0.000000000000000e+00, 0.000000000000000e+00, 0.000000000000000e+00, 1.789306888052387e-07
38, 9.694175112430199e-02, 3.773818039986729e-02, 3.038243014210361e-01, 1.053911433752725e+02, 1.908209676815076e+01, 6.700733063245838e+04, 6.926829715382684e-05, 1.925158137988820e+04, 2.207365481337006e+02, 1.183586777253024e+00, -1.130258166861905e+00, 1.443915293233549e-05, 0.000000000000000e+00, 0.000000000000000e+00, 0.000000000000000e+00, 0.000000000000000e+00, 1.805039684689137e-07
39, 1.027113632106211e-01, 3.874666096457639e-02, 3.032749508073099e-01, 1.052985856603513e+02, 1.817379462122253e+01, 6.688066490910287e+04, 6.910420063497980e-05, 1.922241298857011e+04, 2.208013417058850e+02, 1.182797180708213e+00, -1.132618492850272e+00, 1.444268495773893e-05, 0.000000000000000e+00, 0.000000000000000e+00, 0.000000000000000e+00, 0.000000000000000e+00, 1.773997913884329e-07
40, 1.087184673959741e-01, 3.977072124493261e-02, 3.045108135572894e-01, 1.057413036908807e+02, 1.783033150157809e+01, 6.714774489548992e+04, 6.946925288491798e-05, 1.930656220856497e+04, 2.208678860166157e+02, 1.181993000612047e+00, -1.125809080953378e+00, 1.444631195188109e-05, 0.000000000000000e+00, 0.000000000000000e+00, 0.000000000000000e+00, 0.000000000000000e+00, 1.839678098994880e-07
41, 1.149687649679985e-01, 4.081357194525201e-02, 3.039609624366355e-01, 1.057062287480394e+02, 1.700327257806240e+01, 6.702889829602628e+04, 6.928483946966274e-05, 1.926919731073243e+04, 2.208391964052371e+02, 1.182341297234877e+00, -1.128832673802399e+00, 1.444474828420906e-05, 0.000000000000000e+00, 0.000000000000000e+00, 0.000000000000000e+00, 0.000000000000000e+00, 1.807900962285412e-07
42, 1.214772691504956e-01, 4.182300119209757e-02, 3.041795596203996e-01, 1.058829054486785e+02, 1.642173600399634e+01, 6.707780628758714e+04, 6.936747188246396e-05, 1.928238183438802e+04, 2.208314871378115e+02, 1.182436693274728e+00, -1.127765773215076e+00, 1.444432809159604e-05, 0.000000000000000e+00, 0.000000000000000e+00, 0.000000000000000e+00, 0.000000000000000e+00, 1.821840063714735e-07
43, 1.282385388942080e-01, 4.287163283367652e-02, 3.041908987093921e-01, 1.060411220925839e+02, 1.582322286283851e+01, 6.708650271447020e+04, 6.940331856323646e-05, 1.927678525027674e+04, 2.207591628801842e+02, 1.183318984810040e+00, -1.128218652593301e+00, 1.444038575779446e-05, 0.000000000000000e+00, 0.000000000000000e+00, 0.000000000000000e+00, 0.000000000000000e+00, 1.827337735510569e-07
44, 1.352703604285369e-01, 4.388118826345736e-02, 3.037141760836610e-01, 1.060051535181024e+02, 1.508008159424838e+01, 6.698393199088416e+04, 6.927188114840447e-05, 1.924403949427451e+04, 2.207300803726517e+02, 1.183676204784608e+00, -1.130868461355734e+00, 1.443880033726769e-05, 0.000000000000000e+00, 0.000000000000000e+00, 0.000000000000000e+00, 0.000000000000000e+00, 1.802942522515684e-07
45, 1.425700362783445e-01, 4.491038087573893e-02, 3.042021852178354e-01, 1.062610822008199e+02, 1.463381375924001e+01, 6.709362108809593e+04, 6.945224611423804e-05, 1.927302802360291e+04, 2.207079458346104e+02, 1.183951294786545e+00, -1.128522689921438e+00, 1.443759362168648e-05, 0.000000000000000e+00, 0.000000000000000e+00, 0.000000000000000e+00, 0.000000000000000e+00, 1.833787032510509e-07
46, 1.501469968477980e-01, 4.592996010117009e-02, 3.037301733687535e-01, 1.062302714235285e+02, 1.393047131239541e+01, 6.699377460244634e+04, 6.929775870877853e-05, 1.923887418065798e+04, 2.206592113714162e+02, 1.184548543739163e+00, -1.131286442033318e+00, 1.443493656479168e-05, 0.000000000000000e+00, 0.000000000000000e+00, 0.000000000000000e+00, 0.000000000000000e+00, 1.807436922704490e-07
47, 1.580073991797215e-01, 4.693473303343801e-02, 3.039251765203433e-01, 1.064181466169052e+02, 1.344385189175431e+01, 6.704241526223377e+04, 6.939671017575902e-05, 1.924565581412236e+04, 2.205953646335936e+02, 1.185332383273969e+00, -1.130737667658517e+00, 1.443145518523623e-05, 0.000000000000000e+00, 0.000000000000000e+00, 0.000000000000000e+00, 0.000000000000000e+00, 1.823665646912872e-07
48, 1.661524144496922e-01, 4.795195145810945e-02, 3.034181754984129e-01, 1.063972755643201e+02, 1.277596015981586e+01, 6.693828406976970e+04, 6.925171774643923e-05, 1.920582285059936e+04, 2.205066399035347e+02, 1.186418355098179e+00, -1.133960978055435e+00, 1.442661655535809e-05, 0.000000000000000e+00, 0.000000000000000e+00, 0.000000000000000e+00, 0.000000000000000e+00, 1.798402311351843e-07
49, 1.745935246307392e-01, 4.892634502921836e-02, 3.033751112373346e-01, 1.065292584380777e+02, 1.225974289470966e+01, 6.693749054182645e+04, 6.928052680553942e-05, 1.919442432847474e+04, 2.204070532080380e+02, 1.187638926902840e+00, -1.134883354188776e+00, 1.442118456054288e-05, 0.000000000000000e+00, 0.000000000000000e+00, 0.000000000000000e+00, 0.000000000000000e+00, 1.802379344253847e-07
50, 1.833264322356424e-01, 4.992840751671458e-02, 3.028883359840784e-01, 1.065347950097909e+02, 1.163915388953898e+01, 6.684098946721073e+04, 6.916335725292772e-05, 1.915265545318834e+04, 2.202808745421928e+02, 1.189181689564276e+00, -1.138263319877257e+00, 1.441430057004554e-05, 0.000000000000000e+00, 0.000000000000000e+00, 0.000000000000000e+00, 0.000000000000000e+00, 1.781433492465828e-07
51, 1.923649182303094e-01, 5.086790177087673e-02, 3.025810801975689e-01, 1.065887233653799e+02, 1.107921781882761e+01, 6.678357594998144e+04, 6.911451306069230e-05, 1.912280045122098e+04, 2.201608379370946e+02, 1.190650084153321e+00, -1.140679206864572e+00, 1.440775009052563e-05, 0.000000000000000e+00, 0.000000000000000e+00, 0.000000000000000e+00, 0.000000000000000e+00, 1.771680757055901e-07
52, 2.017020921882594e-01, 5.183844277617148e-02, 3.022350361639391e-01, 1.066341197690822e+02, 1.052344975445813e+01, 6.671847680702609e+04, 6.905128409986147e-05, 1.908960944676162e+04, 2.200303454945757e+02, 1.192245950962057e+00, -1.143365045433834e+00, 1.440062727526951e-05, 0.000000000000000e+00, 0.000000000000000e+00, 0.000000000000000e+00, 0.000000000000000e+00, 1.759823671409030e-07
53, 2.113504781282555e-01, 5.274154089925648e-02, 3.018101157947147e-01, 1.066471942252884e+02, 9.955022998438418e+00, 6.663573612175098e+04, 6.896300910964648e-05, 1.905168213147152e+04, 2.199023549282446e+02, 1.193811459312677e+00, -1.146434149484583e+00, 1.439363924721746e-05, 0.000000000000000e+00, 0.000000000000000e+00, 0.000000000000000e+00, 0.000000000000000e+00, 1.743650164308107e-07
54, 2.213033377407397e-01, 5.366812658358843e-02, 3.014890775052983e-01, 1.066896601843069e+02, 9.424745071866306e+00, 6.657583554526535e+04, 6.890563389465868e-05, 1.902043371701024e+04, 2.197754501054469e+02, 1.195364256856621e+00, -1.148962792355007e+00, 1.438670876159914e-05, 0.000000000000000e+00, 0.000000000000000e+00, 0.000000000000000e+00, 0.000000000000000e+00, 1.733035786703171e-07
55, 2.315701483145486e-01, 5.452770770985241e-02, 3.010793975023530e-01, 1.067088466413378e+02, 8.884658770050494e+00, 6.649738517397351e+04, 6.882124833581964e-05, 1.898254776075509e+04, 2.196361428742781e+02, 1.197067901725743e+00, -1.152028549604627e+00, 1.437909896708525e-05, 0.000000000000000e+00, 0.000000000000000e+00, 0.000000000000000e+00, 0.000000000000000e+00, 1.718020031604167e-07
56, 2.421444748408925e-01, 5.540337659408760e-02, 3.006132640844541e-01, 1.067113925140482e+02, 8.338471598152417e+00, 6.640708738938226e+04, 6.871813294885032e-05, 1.894051567069182e+04, 2.194896292505542e+02, 1.198860505244441e+00, -1.155429814811192e+00, 1.437109326497380e-05, 0.000000000000000e+00, 0.000000000000000e+00, 0.000000000000000e+00, 0.000000000000000e+00, 1.700138340321604e-07
57, 2.530333809778518e-01, 5.620485209579626e-02, 3.001728155046970e-01, 1.067398472175382e+02, 7.816802439523235e+00, 6.632466237141629e+04, 6.862755732694515e-05, 1.889792974807685e+04, 2.193174646615833e+02, 1.200967365849382e+00, -1.158875896523088e+00, 1.436168300795978e-05, 0.000000000000000e+00, 0.000000000000000e+00, 0.000000000000000e+00, 0.000000000000000e+00, 1.684698080276412e-07
58, 2.642293162658808e-01, 5.702070351284177e-02, 2.995518412730078e-01, 1.067246677049600e+02, 7.263740368159164e+00, 6.620448128079475e+04, 6.849819472389416e-05, 1.884176828663388e+04, 2.191189864874405e+02, 1.203393116230948e+00, -1.163420520034988e+00, 1.435083052954831e-05, 0.000000000000000e+00, 0.000000000000000e+00, 0.000000000000000e+00, 0.000000000000000e+00, 1.662133146558275e-07
59, 2.757375834051358e-01, 5.775011449663908e-02, 2.988876991197676e-01, 1.066807504826536e+02, 6.702682852786033e+00, 6.607371883018146e+04, 6.834753599879128e-05, 1.878400160902104e+04, 2.189325927385121e+02, 1.205672825325210e+00, -1.168095038726961e+00, 1.434063494348625e-05, 0.000000000000000e+00, 0.000000000000000e+00, 0.000000000000000e+00, 0.000000000000000e+00, 1.636627572429974e-07
60, 2.875493961257672e-01, 5.848588386043890e-02, 2.984404001857949e-01, 1.067111599155417e+02, 6.207407307322355e+00, 6.599128297378554e+04, 6.827595366894128e-05, 1.873950458820812e+04, 2.187413242547186e+02, 1.208012697260797e+00, -1.171695767799891e+00, 1.433016881809727e-05, 0.000000000000000e+00, 0.000000000000000e+00, 0.000000000000000e+00, 0.000000000000000e+00, 1.623670576422507e-07
61, 2.996665380093843e-01, 5.914207602430923e-02, 2.976880410074665e-01, 1.066395325211332e+02, 5.639213465220204e+00, 6.584201372623642e+04, 6.808476856598252e-05, 1.867523427907588e+04, 2.185420516555557e+02, 1.210450059866910e+00, -1.176896564760919e+00, 1.431926051088875e-05, 0.000000000000000e+00, 0.000000000000000e+00, 0.000000000000000e+00, 0.000000000000000e+00, 1.593239326169749e-07
62, 3.120807444592376e-01, 5.978311842326392e-02, 2.971928425326421e-01, 1.066696778716159e+02, 5.151451330291497e+00, 6.575133055877594e+04, 6.800719969810313e-05, 1.862540954501585e+04, 2.183221655472064e+02, 1.213139466860758e+00, -1.180928415999572e+00, 1.430721882849844e-05, 0.000000000000000e+00, 0.000000000000000e+00, 0.000000000000000e+00, 0.000000000000000e+00, 1.579518502488725e-07
63, 3.247895166522020e-01, 6.035536562293838e-02, 2.962818711134594e-01, 1.065607586984279e+02, 4.562966886828360e+00, 6.556952671225206e+04, 6.777242297436480e-05, 1.854862605005119e+04, 2.180906326468481e+02, 1.215969456885527e+00, -1.187141788436410e+00, 1.429453367841067e-05, 0.000000000000000e+00, 0.000000000000000e+00, 0.000000000000000e+00, 0.000000000000000e+00, 1.543109567699039e-07
64, 3.377849527469291e-01, 6.088376820362956e-02, 2.957241410184669e-01, 1.065779787117601e+02, 4.078048079003536e+00, 6.546656285756068e+04, 6.768825272188515e-05, 1.849330934997327e+04, 2.178503192843673e+02, 1.218906651297990e+00, -1.191618053286287e+00, 1.428136133000507e-05, 0.000000000000000e+00, 0.000000000000000e+00, 0.000000000000000e+00, 0.000000000000000e+00, 1.528227068361624e-07
65, 3.510602142514431e-01, 6.136059066765901e-02, 2.947071230888672e-01, 1.064322603238837e+02, 3.473645313353209e+00, 6.526211599444711e+04, 6.741760912689203e-05, 1.840914353823551e+04, 2.176072178167269e+02, 1.221879385139939e+00, -1.198428807798258e+00, 1.426802978937528e-05, 0.000000000000000e+00, 0.000000000000000e+00, 0.000000000000000e+00, 0.000000000000000e+00, 1.487731208422693e-07
66, 3.646074143976753e-01, 6.175916081333171e-02, 2.941217744460528e-01, 1.064720464743675e+02, 2.996413415956978e+00, 6.515710923643008e+04, 6.730998306862205e-05, 1.834816483737635e+04, 2.173180507799174e+02, 1.225416133561601e+00, -1.203363245587614e+00, 1.425216369168365e-05, 0.000000000000000e+00, 0.000000000000000e+00, 0.000000000000000e+00, 0.000000000000000e+00, 1.471529071088423e-07
67, 3.784157641291718e-01, 6.213046600651756e-02, 2.928880565731932e-01, 1.063313099078085e+02, 2.381042806746108e+00, 6.491385736403840e+04, 6.702739117193765e-05, 1.824107854518250e+04, 2.169597623000260e+02, 1.229787050382803e+00, -1.212028740907757e+00, 1.423249242041467e-05, 0.000000000000000e+00, 0.000000000000000e+00, 0.000000000000000e+00, 0.000000000000000e+00, 1.428976232314923e-07
68, 3.924767954441626e-01, 6.238322991211300e-02, 2.916742790771032e-01, 1.061546986259023e+02, 1.760436849035020e+00, 6.467107044252854e+04, 6.674243811080876e-05, 1.813931389657403e+04, 2.166471939875667e+02, 1.233603010488106e+00, -1.220263605223316e+00, 1.421531993937923e-05, 0.000000000000000e+00, 0.000000000000000e+00, 0.000000000000000e+00, 0.000000000000000e+00, 1.386916995866180e-07
69, 4.067770821326789e-01, 6.260078791657532e-02, 2.910125342843528e-01, 1.061591732861739e+02, 1.281186587276632e+00, 6.454924868893407e+04, 6.664664078678749e-05, 1.807335855620838e+04, 2.163503065594170e+02, 1.237228328247976e+00, -1.225600756053436e+00, 1.419899911035085e-05, 0.000000000000000e+00, 0.000000000000000e+00, 0.000000000000000e+00, 0.000000000000000e+00, 1.371291800396447e-07
70, 4.213051133548950e-01, 6.273116768395419e-02, 2.897235340754239e-01, 1.059325277055968e+02, 6.380711691129646e-01, 6.428828628067634e+04, 6.628754259087479e-05, 1.796854475348909e+04, 2.160525899521619e+02, 1.240865916579310e+00, -1.234082359985583e+00, 1.418262304465987e-05, 0.000000000000000e+00, 0.000000000000000e+00, 0.000000000000000e+00, 0.000000000000000e+00, 1.323169047659051e-07
71, 4.360469033198423e-01, 6.277706784707673e-02, 2.889935186392386e-01, 1.059668056967665e+02, 1.528315243340477e-01, 6.415781312313449e+04, 6.614310269298566e-05, 1.789202552361001e+04, 2.156759658308889e+02, 1.245467705514076e+00, -1.240274347912643e+00, 1.416189275761110e-05, 0.000000000000000e+00, 0.000000000000000e+00, 0.000000000000000e+00, 0.000000000000000e+00, 1.304301356362235e-07
72, 4.509882001292173e-01, 6.277400057478050e-02, 2.872604243824147e-01, 1.057173188197037e+02, -5.408670668867380e-01, 6.381359199223982e+04, 6.573018600001669e-05, 1.774403491416926e+04, 2.151824911064057e+02, 1.251479429455422e+00, -1.252249848298934e+00, 1.413470724653889e-05, 0.000000000000000e+00, 0.000000000000000e+00, 0.000000000000000e+00, 0.000000000000000e+00, 1.249234663118460e-07
73, 4.661130536010221e-01, 6.262324285684784e-02, 2.854485392168616e-01, 1.053973230084307e+02, -1.265669768033723e+00, 6.344835694833843e+04, 6.528152602300348e-05, 1.759496409742906e+04, 2.147291007988098e+02, 1.257010105553064e+00, -1.264312759791785e+00, 1.410970645477104e-05, 0.000000000000000e+00, 0.000000000000000e+00, 0.000000000000000e+00, 0.000000000000000e+00, 1.191672877779025e-07
74, 4.814054407065057e-01, 6.240871281511538e-02, 2.843554581409803e-01, 1.053733782454870e+02, -1.816763205121418e+00, 6.324657156940651e+04, 6.507697137968116e-05, 1.748668118421938e+04, 2.142279680507556e+02, 1.263126785314074e+00, -1.273075086495293e+00, 1.408204678165586e-05, 0.000000000000000e+00, 0.000000000000000e+00, 0.000000000000000e+00, 0.000000000000000e+00, 1.165838026526374e-07
75, 4.968481939018848e-01, 6.209336190002265e-02, 2.821221851970032e-01, 1.049874857947321e+02, -2.613435420207394e+00, 6.279852334510192e+04, 6.450055035157876e-05, 1.730066781617634e+04, 2.136269174007354e+02, 1.270451173276341e+00, -1.288127414269823e+00, 1.404883574011449e-05, 0.000000000000000e+00, 0.000000000000000e+00, 0.000000000000000e+00, 0.000000000000000e+00, 1.098189861451099e-07
76, 5.124218744743868e-01, 6.163660769879964e-02, 2.802418453338386e-01, 1.047552603140193e+02, -3.331589775186063e+00, 6.243187134866966e+04, 6.408280330051790e-05, 1.713325972879260e+04, 2.129792825866283e+02, 1.278335522626956e+00, -1.301674190127482e+00, 1.401300605894737e-05, 0.000000000000000e+00, 0.000000000000000e+00, 0.000000000000000e+00, 0.000000000000000e+00, 1.049982574239393e-07
77, 5.281096295080703e-01, 6.109914127564639e-02, 2.780640466876184e-01, 1.044028079850162e+02, -4.050689958446386e+00, 6.199842785037943e+04, 6.362066888552582e-05, 1.694768766338843e+04, 2.123224701457632e+02, 1.286314455885441e+00, -1.316690807393471e+00, 1.397662121805276e-05, 0.000000000000000e+00, 0.000000000000000e+00, 0.000000000000000e+00, 0.000000000000000e+00, 9.966364499179228e-08
78, 5.438900642455665e-01, 6.041569854544226e-02, 2.755215495196111e-01, 1.037626677626220e+02, -4.919061148897377e+00, 6.146975726292103e+04, 6.301301561589889e-05, 1.675483982707709e+04, 2.118434563058362e+02, 1.292161080369815e+00, -1.332296184970934e+00, 1.395005553472359e-05, 0.000000000000000e+00, 0.000000000000000e+00, 0.000000000000000e+00, 0.000000000000000e+00, 9.300524512286480e-08
79, 5.597431235428405e-01, 5.959947164315602e-02, 2.741072069557169e-01, 1.037563533797338e+02, -5.633692163125081e+00, 6.121668160522977e+04, 6.260356224305072e-05, 1.660864603056003e+04, 2.110785588248631e+02, 1.301555199361686e+00, -1.344126286038016e+00, 1.390758205689573e-05, 0.000000000000000e+00, 0.000000000000000e+00, 0.000000000000000e+00, 0.000000000000000e+00, 8.959305631707472e-08
80, 5.756510777554313e-01, 5.869117665392527e-02, 2.724543624540248e-01, 1.045585369609830e+02, -6.503433238852766e+00, 6.100699704862751e+04, 6.247702736756994e-05, 1.634656349514755e+04, 2.090080651916349e+02, 1.326703342301824e+00, -1.365334182376390e+00, 1.379228277655578e-05, 0.000000000000000e+00, 0.000000000000000e+00, 0.000000000000000e+00, 0.000000000000000e+00, 8.894009231130613e-08
81, 5.915890453103916e-01, 5.761875840694759e-02, 2.673305114922637e-01, 1.031425049006942e+02, -7.294534634723811e+00, 5.991630331828824e+04, 6.205399171680966e-05, 1.596774371450523e+04, 2.080776189040365e+02, 1.337553058571323e+00, -1.395988535693536e+00, 1.374031217677605e-05, 0.000000000000000e+00, 0.000000000000000e+00, 0.000000000000000e+00, 0.000000000000000e+00, 8.116667404171092e-08
82, 6.075391436296786e-01, 5.643583148206231e-02, 2.667998912285993e-01, 9.692835144442553e+01, -7.444741733327006e+00, 5.914529462846916e+04, 6.215085211027793e-05, 1.657376002073726e+04, 2.164042288796208e+02, 1.235551083431968e+00, -1.346949285589728e+00, 1.420196410279805e-05, 0.000000000000000e+00, 0.000000000000000e+00, 0.000000000000000e+00, 0.000000000000000e+00, 7.341477013049338e-08
83, 6.234830083505070e-01, 5.516822562915789e-02, 3.071457387237946e-01, 9.061128775901824e+01, -7.595373956694226e+00, 6.611955983845286e+04, 7.132975659550889e-05, 2.106399851801154e+04, 2.389057851821042e+02, 9.554238115638372e-01, -9.835961440502163e-01, 1.541245013680064e-05, 0.000000000000000e+00, 0.000000000000000e+00, 0.000000000000000e+00, 0.000000000000000e+00, 1.744211326808583e-07
84, 6.393956484087845e-01, 5.376480236002349e-02, 3.994608721805556e-01, 9.707158261006087e+01, -8.842824039247619e+00, 8.441885308254605e+04, 9.356695104451092e-05, 2.901058587188532e+04, 2.529953848952704e+02, 7.652569325308713e-01, -3.405529112016820e-01, 1.614458754030714e-05, 0.000000000000000e+00, 0.000000000000000e+00, 0.000000000000000e+00, 0.000000000000000e+00, 1.252361035091468e-06
85, 6.552603271718704e-01, 5.227452100397860e-02, 4.227546285756105e-01, 9.933934345738164e+01, -9.563272434237557e+00, 8.911814420904413e+04, 9.758427337092466e-05, 3.093541745054791e+04, 2.549165046803339e+02, 7.375445734116554e-01, -1.847942356956789e-01, 1.624295727916925e-05, 0.000000000000000e+00, 0.000000000000000e+00, 0.000000000000000e+00, 0.000000000000000e+00, 1.805776029089466e-06
86, 6.710588966048384e-01, 5.071696375112462e-02, 4.134370413618138e-01, 9.923221266990784e+01, -1.013009493770625e+01, 8.729935101763131e+04, 9.375489488524338e-05, 3.010660086733457e+04, 2.536779306013379e+02, 7.556215723276662e-01, -2.518626351700989e-01, 1.617957608652947e-05, 0.000000000000000e+00, 0.000000000000000e+00, 0.000000000000000e+00, 0.000000000000000e+00, 1.434051204311361e-06
87, 6.867679586979071e-01, 4.905803410352713e-02, 4.049053453808416e-01, 9.886224672897252e+01, -1.071419899441091e+01, 8.561692023500989e+04, 9.185663667458050e-05, 2.936239795604432e+04, 2.526203634359435e+02, 7.707783505489428e-01, -3.120840389829052e-01, 1.612534479209001e-05, 0.000000000000000e+00, 0.000000000000000e+00, 0.000000000000000e+00, 0.000000000000000e+00, 1.232861412276571e-06
88, 7.023703254202325e-01, 4.732352395614584e-02, 4.051550139877216e-01, 9.891577230322893e+01, -1.120747570377934e+01, 8.567103957689073e+04, 9.239870253718883e-05, 2.937649191035018e+04, 2.525858743114550e+02, 7.711890696431171e-01, -3.109435466511822e-01, 1.612357446021139e-05, 0.000000000000000e+00, 0.000000000000000e+00, 0.000000000000000e+00, 0.000000000000000e+00, 1.264914701493146e-06
89, 7.178496392956834e-01, 4.553639108521203e-02, 4.075339619308826e-01, 9.893795889734167e+01, -1.169516897112453e+01, 8.613714028958866e+04, 9.310165743238697e-05, 2.958385265835253e+04, 2.528839517700865e+02, 7.668366086290047e-01, -2.941637744265276e-01, 1.613887115727677e-05, 0.000000000000000e+00, 0.000000000000000e+00, 0.000000000000000e+00, 0.000000000000000e+00, 1.329237441034840e-06
90, 7.331856977909859e-01, 4.368095189134605e-02, 4.087971851428825e-01, 9.865082520041314e+01, -1.222787264541838e+01, 8.636571251999971e+04, 9.334879397535401e-05, 2.971185534885178e+04, 2.531933066727609e+02, 7.623049171177076e-01, -2.838057099837049e-01, 1.615473783476958e-05, 0.000000000000000e+00, 0.000000000000000e+00, 0.000000000000000e+00, 0.000000000000000e+00, 1.355454430714516e-06
91, 7.483600952594345e-01, 4.175458194961772e-02, 4.101680827947850e-01, 9.828769386997888e+01, -1.267137712989720e+01, 8.660974989260260e+04, 9.367222823146671e-05, 2.985511458996487e+04, 2.535637844360382e+02, 7.568752419767413e-01, -2.722130751282054e-01, 1.617372776023211e-05, 0.000000000000000e+00, 0.000000000000000e+00, 0.000000000000000e+00, 0.000000000000000e+00, 1.387126018118147e-06
92, 7.633599872974990e-01, 3.979083551127557e-02, 4.121620273087273e-01, 9.797452533335280e+01, -1.302132497154553e+01, 8.697806452170592e+04, 9.421574780360581e-05, 3.005106933085463e+04, 2.539933219723468e+02, 7.505633574790848e-01, -2.563562847271885e-01, 1.619572900665188e-05, 0.000000000000000e+00, 0.000000000000000e+00, 0.000000000000000e+00, 0.000000000000000e+00, 1.440050196533177e-06
93, 7.781696660818218e-01, 3.779274607467949e-02, 4.140700386749825e-01, 9.751240783165814e+01, -1.345260155801696e+01, 8.732093426643933e+04, 9.468267512874235e-05, 3.024817892560917e+04, 2.544812396736345e+02, 7.433670923136948e-01, -2.404060427689677e-01, 1.622069977633356e-05, 0.000000000000000e+00, 0.000000000000000e+00, 0.000000000000000e+00, 0.000000000000000e+00, 1.487954524251135e-06
94, 7.927699312512116e-01, 3.573350109938056e-02, 4.163492411220991e-01, 9.696864005066320e+01, -1.385718610503748e+01, 8.773129439363454e+04, 9.522847685263468e-05, 3.048343585584376e+04, 2.550565515707625e+02, 7.348458386988367e-01, -2.213688925771521e-01, 1.625011492705882e-05, 0.000000000000000e+00, 0.000000000000000e+00, 0.000000000000000e+00, 0.000000000000000e+00, 1.546243121306722e-06
95, 8.071514654639742e-01, 3.365113121501262e-02, 4.190850448324333e-01, 9.647327130436091e+01, -1.414185211734106e+01, 8.823372108377270e+04, 9.590180715292241e-05, 3.075642170936725e+04, 2.556607090815374e+02, 7.258396090508517e-01, -1.992786923497440e-01, 1.628097203583689e-05, 0.000000000000000e+00, 0.000000000000000e+00, 0.000000000000000e+00, 0.000000000000000e+00, 1.621133967736464e-06
96, 8.213016189468467e-01, 3.155109595303900e-02, 4.216117692462907e-01, 9.593893013811605e+01, -1.442066915485678e+01, 8.869359814862593e+04, 9.650073583137707e-05, 3.101255725117708e+04, 2.562448812406303e+02, 7.170627924307297e-01, -1.785520307630552e-01, 1.631077643849473e-05, 0.000000000000000e+00, 0.000000000000000e+00, 0.000000000000000e+00, 0.000000000000000e+00, 1.690979435237096e-06
97, 8.352079611079555e-01, 2.943393730629608e-02, 4.240161304243943e-01, 9.531027063808412e+01, -1.473187384881540e+01, 8.912472377858392e+04, 9.706574266433345e-05, 3.126275650925608e+04, 2.568474362231101e+02, 7.079421177983217e-01, -1.583057372779660e-01, 1.634148589041930e-05, 0.000000000000000e+00, 0.000000000000000e+00, 0.000000000000000e+00, 0.000000000000000e+00, 1.758644741789340e-06
98, 8.488576503938567e-01, 2.729182555699101e-02, 4.267045419542728e-01, 9.464175318362311e+01, -1.500190941391191e+01, 8.960951935130845e+04, 9.770483419664516e-05, 3.154007162856184e+04, 2.574931943613564e+02, 6.980916828710007e-01, -1.358652099301834e-01, 1.637436028196236e-05, 0.000000000000000e+00, 0.000000000000000e+00, 0.000000000000000e+00, 0.000000000000000e+00, 1.837911775803335e-06
99, 8.622438234558840e-01, 2.514841093194147e-02, 4.295921474294381e-01, 9.398616179300464e+01, -1.520147511064469e+01, 9.013455001543165e+04, 9.839886579779309e-05, 3.183377850478126e+04, 2.581440986645739e+02, 6.880741625532507e-01, -1.120982505067883e-01, 1.640745809659172e-05, 0.000000000000000e+00, 0.000000000000000e+00, 0.000000000000000e+00, 0.000000000000000e+00, 1.927598773742506e-06
100, 8.753573810696751e-01, 2.300572049600010e-02, 4.323153397044744e-01, 9.329102092032464e+01, -1.539816851088847e+01, 9.062593948259045e+04, 9.903165899019392e-05, 3.211435869775675e+04, 2.587789542056495e+02, 6.782073935397070e-01, -8.939351118541493e-02, 1.643970265723577e-05, 0.000000000000000e+00, 0.000000000000000e+00, 0.000000000000000e+00, 0.000000000000000e+00, 2.013363368469849e-06
101, 8.881902514089458e-01, 2.086581860552238e-02, 4.350331046473896e-01, 9.254742582528218e+01, -1.559974141184954e+01, 9.111435201521580e+04, 9.968078659987384e-05, 3.239622003863014e+04, 2.594193571073463e+02, 6.681525489633405e-01, -6.658510050810817e-02, 1.647219186151824e-05, 0.000000000000000e+00, 0.000000000000000e+00, 0.000000000000000e+00, 0.000000000000000e+00, 2.103354173799823e-06
102, 9.007349171889681e-01, 1.872809921668885e-02, 4.378586334377761e-01, 9.172180584699089e+01, -1.580583709240020e+01, 9.161992627767517e+04, 1.003528585089833e-04, 3.269111617842361e+04, 2.600915106033625e+02, 6.574778723195910e-01, -4.272190507052111e-02, 1.650625187249626e-05, 0.000000000000000e+00, 0.000000000000000e+00, 0.000000000000000e+00, 0.000000000000000e+00, 2.200018070569357e-06
103, 9.129850336353803e-01, 1.659309107787962e-02, 4.409216859093084e-01, 9.082074857333681e+01, -1.597853986459308e+01, 9.216801548318648e+04, 1.010930043882246e-04, 3.300995789754220e+04, 2.608037648554058e+02, 6.460071087197673e-01, -1.692101712973089e-02, 1.654229935165222e-05, 0.000000000000000e+00, 0.000000000000000e+00, 0.000000000000000e+00, 0.000000000000000e+00, 2.310223121709927e-06
104, 9.249368275073513e-01, 1.447014192419594e-02, 4.441054491100686e-01, 8.980672740883406e+01, -1.610715063382605e+01, 9.273296142503052e+04, 1.018579314917462e-04, 3.334421521775272e+04, 2.615560341747789e+02, 6.336751541717141e-01, 1.012731169618716e-02, 1.658032237595398e-05, 0.000000000000000e+00, 0.000000000000000e+00, 0.000000000000000e+00, 0.000000000000000e+00, 2.428853567939564e-06
105, 9.365860660599490e-01, 1.236017138180480e-02, 4.474231163958102e-01, 8.864564620625436e+01, -1.621329545999605e+01, 9.331447541629487e+04, 1.026832355641859e-04, 3.369570435136600e+04, 2.623532604521814e+02, 6.202862594027210e-01, 3.857005053799100e-02, 1.662056224812807e-05, 0.000000000000000e+00, 0.000000000000000e+00, 0.000000000000000e+00, 0.000000000000000e+00, 2.560107932271772e-06
106, 9.479295853216768e-01, 1.026478464285626e-02, 4.509624365410546e-01, 8.732570427235400e+01, -1.628764794148374e+01, 9.392475222614917e+04, 1.035302403507827e-04, 3.407024528160056e+04, 2.631874869272801e+02, 6.056838707263186e-01, 6.887815638102625e-02, 1.666260878175887e-05, 0.000000000000000e+00, 0.000000000000000e+00, 0.000000000000000e+00, 0.000000000000000e+00, 2.703465079612594e-06
107, 9.589652422742014e-01, 8.186142088572761e-03, 4.550847358859741e-01, 8.568117208105251e+01, -1.630429738875359e+01, 9.461351042150852e+04, 1.046926673930040e-04, 3.450224947117586e+04, 2.641103905252044e+02, 5.882683936842648e-01, 1.038362281038757e-01, 1.670905247757460e-05, 0.000000000000000e+00, 0.000000000000000e+00, 0.000000000000000e+00, 0.000000000000000e+00, 2.898318793711701e-06
108, 9.696912950825918e-01, 6.123872655572431e-03, 4.586114944702562e-01, 8.183857992541860e+01, -1.591971583311966e+01, 9.503077307692581e+04, 1.056189498534337e-04, 3.498098943166868e+04, 2.657158733185158e+02, 5.563150611171267e-01, 1.425761900749743e-01, 1.678966571799677e-05, 0.000000000000000e+00, 0.000000000000000e+00, 0.000000000000000e+00, 0.000000000000000e+00, 3.045400019303893e-06
109, 9.801060813986406e-01, 4.073833707482322e-03, 4.610662452949013e-01, 7.109330349030148e+01, -1.415512688814142e+01, 9.487785642014048e+04, 1.078049409165554e-04, 3.567180615078165e+04, 2.695206938088675e+02, 4.777081485415358e-01, 1.984775470452310e-01, 1.697980457632948e-05, 0.000000000000000e+00, 0.000000000000000e+00, 0.000000000000000e+00, 0.000000000000000e+00, 3.255484880466727e-06
110, 9.902099327751225e-01, 2.038144568038185e-03, 4.577228084403421e-01, 4.691993615249772e+01, -9.632825947344726e+00, 9.322667736955515e+04, 1.070073883229062e-04, 3.628819883938426e+04, 2.761806223435342e+02, 3.141046944043270e-01, 2.483564610409353e-01, 1.730960622701841e-05, 0.000000000000000e+00, 0.000000000000000e+00, 0.000000000000000e+00, 0.000000000000000e+00, 2.915892159848204e-06
111, 0.000000000000000e+00, 0.000000000000000e+00, 5.272677600415938e-01, -1.218492020800689e-02, 7.737341937216371e+01, 1.085810168464939e+05, 1.173780811915194e-04, 4.116158852155324e+04, 2.719513725675135e+02, 4.438805399931918e-01, 6.427144560644181e-01, 1.710061353972995e-05, 0.000000000000000e+00, 0.000000000000000e+00, 0.000000000000000e+00, 0.000000000000000e+00, 7.238454669827550e-06
112, 1.000000000000000e+00, 0.000000000000000e+00, 4.617917079048954e-01, 1.253256257921440e+01, -2.774756390373856e+00, 9.348746964841713e+04, 1.070502843264825e-04, 3.732362910822107e+04, 2.815581351776013e+02, 8.263283865742165e-02, 3.321441799461418e-01, 1.757316151817184e-05, 0.000000000000000e+00, 0.000000000000000e+00, 0.000000000000000e+00, 0.000000000000000e+00, 2.894719376998940e-06
113, 9.900132357879567e-01, 5.126793109677517e-04, 4.831264906291355e-01, 6.120552156402960e+01, -2.702764822045935e+00, 9.889649575736767e+04, 1.144378575575486e-04, 3.800479370708628e+04, 2.740361602125827e+02, 3.821201991546507e-01, 3.872644808062009e-01, 1.720382605582344e-05, 0.000000000000000e+00, 0.000000000000000e+00, 0.000000000000000e+00, 0.000000000000000e+00, 4.691984494935456e-06
114, 9.797138868348197e-01, 8.939551548547094e-04, 4.975855969624737e-01, 8.860894687793848e+01, -2.618725565141011e+00, 1.030836759690118e+05, 1.155395345975686e-04, 3.807485677886094e+04, 2.665635863963020e+02, 5.443147413659620e-01, 3.929340320451127e-01, 1.683213853729063e-05, 0.000000000000000e+00, 0.000000000000000e+00, 0.000000000000000e+00, 0.000000000000000e+00, 5.759131673807452e-06
115, 9.691028851115704e-01, 1.130898492849067e-03, 5.010208756781592e-01, 9.348168072853311e+01, -1.355074167052439e+00, 1.040988815443281e+05, 1.157782022695339e-04, 3.815041223171492e+04, 2.652612175324631e+02, 5.715188890242849e-01, 3.990480304822996e-01, 1.676686005883441e-05, 0.000000000000000e+00, 0.000000000000000e+00, 0.000000000000000e+00, 0.000000000000000e+00, 6.015241516251222e-06
116, 9.581821036830607e-01, 1.206331981422414e-03, 5.002042423787778e-01, 9.202172000510710e+01, 3.699555382084736e-02, 1.038913107748426e+05, 1.156930732053521e-04, 3.817070803572919e+04, 2.658356307775254e+02, 5.628433904551893e-01, 4.006903806944613e-01, 1.679566974747199e-05, 0.000000000000000e+00, 0.000000000000000e+00, 0.000000000000000e+00, 0.000000000000000e+00, 5.935448925618652e-06
117, 9.469546863508831e-01, 1.122085060861412e-03, 4.997954575121567e-01, 9.136244226955050e+01, 1.318855568617971e+00, 1.037846946009709e+05, 1.157802557286427e-04, 3.817297703307569e+04, 2.660688739929842e+02, 5.590810337920540e-01, 4.008739894970894e-01, 1.680735974358783e-05, 0.000000000000000e+00, 0.000000000000000e+00, 0.000000000000000e+00, 0.000000000000000e+00, 5.922934556272741e-06
118, 9.354243197429759e-01, 8.778429687417370e-04, 4.994942720155555e-01, 9.153807769868457e+01, 2.522036511441739e+00, 1.037381422288571e+05, 1.157120568044351e-04, 3.813762866365624e+04, 2.659827787537817e+02, 5.607385898138371e-01, 3.980135754935452e-01, 1.680304526556442e-05, 0.000000000000000e+00, 0.000000000000000e+00, 0.000000000000000e+00, 0.000000000000000e+00, 5.900995429439480e-06
119, 9.235952588718392e-01, 4.784988966545601e-04, 4.990193854667674e-01, 9.185525466455712e+01, 3.640152300204539e+00, 1.036642503334515e+05, 1.156170551333827e-04, 3.807880224349006e+04, 2.658252356815118e+02, 5.636122143912652e-01, 3.932533017161316e-01, 1.679514864042471e-05, 0.000000000000000e+00, 0.000000000000000e+00, 0.000000000000000e+00, 0.000000000000000e+00, 5.869910876760373e-06
120, 9.114723465168358e-01, -7.135104994375828e-05, 4.983074852215932e-01, 9.212244722370964e+01, 4.676921389144333e+00, 1.035407085612090e+05, 1.154480858093148e-04, 3.800135624457907e+04, 2.656635862670907e+02, 5.665159733440813e-01, 3.869863190110809e-01, 1.678704391435803e-05, 0.000000000000000e+00, 0.000000000000000e+00, 0.000000000000000e+00, 0.000000000000000e+00, 5.815108183294686e-06
121, 8.990610471321735e-01, -7.670712792160988e-04, 4.976528642152705e-01, 9.240214101141994e+01, 5.636053523986105e+00, 1.034290695104759e+05, 1.153413787515164e-04, 3.792749178928641e+04, 2.654959865588871e+02, 5.694873347246600e-01, 3.810091572422826e-01, 1.677863841829183e-05, 0.000000000000000e+00, 0.000000000000000e+00, 0.000000000000000e+00, 0.000000000000000e+00, 5.774957534831898e-06
122, 8.863674426424145e-01, -1.602615662320376e-03, 4.966267190495419e-01, 9.268546197783112e+01, 6.632455615303579e+00, 1.032445316235266e+05, 1.151156792369917e-04, 3.782051914170002e+04, 2.652941966456528e+02, 5.730307348530187e-01, 3.723528581207755e-01, 1.676851491474844e-05, 0.000000000000000e+00, 0.000000000000000e+00, 0.000000000000000e+00, 0.000000000000000e+00, 5.698925270209919e-06
123, 8.734009319312566e-01, -2.603275326036290e-03, 4.952428417228230e-01, 9.305857821456077e+01, 7.568856010006048e+00, 1.029943195847589e+05, 1.148054979554349e-04, 3.767735930912453e+04, 2.650285101429585e+02, 5.776633581275331e-01, 3.607682674714918e-01, 1.675518032117051e-05, 0.000000000000000e+00, 0.000000000000000e+00, 0.000000000000000e+00, 0.000000000000000e+00, 5.596293812618138e-06
124, 8.601673674981325e-01, -3.733586613796210e-03, 4.939029042248003e-01, 9.352801444732512e+01, 8.334920280746323e+00, 1.027579414933390e+05, 1.145175245341134e-04, 3.753285526205855e+04, 2.647282992107217e+02, 5.828661506932689e-01, 3.490749020748720e-01, 1.674010545381682e-05, 0.000000000000000e+00, 0.000000000000000e+00, 0.000000000000000e+00, 0.000000000000000e+00, 5.502432142557736e-06
125, 8.466749424674649e-01, -4.985011126444006e-03, 4.926159027098974e-01, 9.398206617352474e+01, 9.032684092373387e+00, 1.025315650405423e+05, 1.142170088212799e-04, 3.739349066345223e+04, 2.644343844193800e+02, 5.879296910519614e-01, 3.377974243298176e-01, 1.672533900345811e-05, 0.000000000000000e+00, 0.000000000000000e+00, 0.000000000000000e+00, 0.000000000000000e+00, 5.409484830313003e-06
126, 8.329328558184493e-01, -6.351116959169565e-03, 4.913279959762224e-01, 9.441331593775733e+01, 9.723272728685670e+00, 1.023043165503729e+05, 1.139435145904066e-04, 3.725476022185940e+04, 2.641439128008889e+02, 5.929028845473726e-01, 3.265712629999644e-01, 1.671073800785893e-05, 0.000000000000000e+00, 0.000000000000000e+00, 0.000000000000000e+00, 0.000000000000000e+00, 5.322276008622893e-06
127, 8.189528118647013e-01, -7.840004430080524e-03, 4.896751674464042e-01, 9.484122121308077e+01, 1.043960073165546e+01, 1.020054792343029e+05, 1.135578269162259e-04, 3.708387264883255e+04, 2.638197751003996e+02, 5.984140330491892e-01, 3.127429248065560e-01, 1.669443588453667e-05, 0.000000000000000e+00, 0.000000000000000e+00, 0.000000000000000e+00, 0.000000000000000e+00, 5.203985315504162e-06
128, 8.047471456272771e-01, -9.453646360899699e-03, 4.879069862771043e-01, 9.534786066529847e+01, 1.106197576502752e+01, 1.016882886984071e+05, 1.131487008130124e-04, 3.689853748666470e+04, 2.634525832275751e+02, 6.046125203665222e-01, 2.977454779109618e-01, 1.667595710850051e-05, 0.000000000000000e+00, 0.000000000000000e+00, 0.000000000000000e+00, 0.000000000000000e+00, 5.081182388703105e-06
129, 7.903251668115741e-01, -1.116130585491600e-02, 4.863814258982188e-01, 9.590301015982644e+01, 1.157074078547940e+01, 1.014216529247435e+05, 1.128247947484918e-04, 3.673164400469290e+04, 2.630835722747156e+02, 6.107980924541559e-01, 2.842403442719063e-01, 1.665737468358138e-05, 0.000000000000000e+00, 0.000000000000000e+00, 0.000000000000000e+00, 0.000000000000000e+00, 4.984010021446263e-06
130, 7.756997851726931e-01, -1.295821973301955e-02, 4.846753740586653e-01, 9.640106340701078e+01, 1.212382063330391e+01, 1.011170131427222e+05, 1.124340385876975e-04, 3.655135169867952e+04, 2.627137679511033e+02, 6.169475995316992e-01, 2.696509687130959e-01, 1.663874011426216e-05, 0.000000000000000e+00, 0.000000000000000e+00, 0.000000000000000e+00, 0.000000000000000e+00, 4.870736928994523e-06
131, 7.608879515299084e-01, -1.486345559321571e-02, 4.826247388248126e-01, 9.691503841475364e+01, 1.268409842038442e+01, 1.007460474450530e+05, 1.119581490590865e-04, 3.633947934847229e+04, 2.623007101425378e+02, 6.237651021382599e-01, 2.525061145812074e-01, 1.661791153317739e-05, 0.000000000000000e+00, 0.000000000000000e+00, 0.000000000000000e+00, 0.000000000000000e+00, 4.735070237287104e-06
132, 7.459028098399905e-01, -1.685800907179447e-02, 4.805866673889153e-01, 9.752223786917540e+01, 1.313294641358159e+01, 1.003828896685567e+05, 1.115111132883415e-04, 3.612347222550090e+04, 2.618473092918206e+02, 6.311923349508555e-01, 2.350266718357477e-01, 1.659503105073520e-05, 0.000000000000000e+00, 0.000000000000000e+00, 0.000000000000000e+00, 0.000000000000000e+00, 4.608878256438426e-06
133, 7.307576942693712e-01, -1.892098333113740e-02, 4.785246755899682e-01, 9.814354164787747e+01, 1.352864802074634e+01, 1.000162572965065e+05, 1.110552433849956e-04, 3.590423627065725e+04, 2.613796071898667e+02, 6.387929005781862e-01, 2.172859498275044e-01, 1.657140954318553e-05, 0.000000000000000e+00, 0.000000000000000e+00, 0.000000000000000e+00, 0.000000000000000e+00, 4.483725571291071e-06
134, 7.154695780030204e-01, -2.105308969182331e-02, 4.761667887165300e-01, 9.874583561311843e+01, 1.392279880128560e+01, 9.959106739149203e+04, 1.105095219259856e-04, 3.565949374199822e+04, 2.608833827901821e+02, 6.467883122302047e-01, 1.974812185842610e-01, 1.654632600487443e-05, 0.000000000000000e+00, 0.000000000000000e+00, 0.000000000000000e+00, 0.000000000000000e+00, 4.338921096263653e-06
135, 7.000555120773957e-01, -2.324987967016712e-02, 4.737051919943774e-01, 9.940257498108984e+01, 1.423054297435057e+01, 9.914882817979179e+04, 1.099561450099298e-04, 3.540229261942767e+04, 2.603476056613607e+02, 6.553439415820493e-01, 1.766683294804353e-01, 1.651921821999155e-05, 0.000000000000000e+00, 0.000000000000000e+00, 0.000000000000000e+00, 0.000000000000000e+00, 4.194716800750415e-06
136, 6.845295825897457e-01, -2.548248366094397e-02, 4.712387492229619e-01, 1.000898174695878e+02, 1.445074483713492e+01, 9.870766844478381e+04, 1.094047039552335e-04, 3.514267915461626e+04, 2.597910697369141e+02, 6.641525413569993e-01, 1.556602320080075e-01, 1.649103269628341e-05, 0.000000000000000e+00, 0.000000000000000e+00, 0.000000000000000e+00, 0.000000000000000e+00, 4.055183903734896e-06
137, 6.689098839696112e-01, -2.774661344738876e-02, 4.686052616508730e-01, 1.007575728063546e+02, 1.463701224795710e+01, 9.823319711717764e+04, 1.087952330005567e-04, 3.486894499758620e+04, 2.592161118594435e+02, 6.731711973535114e-01, 1.335094785538385e-01, 1.646188476456163e-05, 0.000000000000000e+00, 0.000000000000000e+00, 0.000000000000000e+00, 0.000000000000000e+00, 3.906867172642106e-06
138, 6.532140802861688e-01, -3.003167629013558e-02, 4.659010717741521e-01, 1.014479791270601e+02, 1.474945850035884e+01, 9.774657647754582e+04, 1.081926622593850e-04, 3.458726986158320e+04, 2.586145279668677e+02, 6.825219462164420e-01, 1.107161357008055e-01, 1.643135490312073e-05, 0.000000000000000e+00, 0.000000000000000e+00, 0.000000000000000e+00, 0.000000000000000e+00, 3.762528865992004e-06
139, 6.374590608696793e-01, -3.231922660164968e-02, 4.630047920075838e-01, 1.021345849709102e+02, 1.480747883908616e+01, 9.722262663327112e+04, 1.075205269968149e-04, 3.428834886334700e+04, 2.579832038048739e+02, 6.922448605427277e-01, 8.652724599100943e-02, 1.639928035451137e-05, 0.000000000000000e+00, 0.000000000000000e+00, 0.000000000000000e+00, 0.000000000000000e+00, 3.608898870742558e-06
140, 6.216641836089586e-01, -3.460578417566910e-02, 4.601213352005320e-01, 1.028478029918849e+02, 1.477316436612741e+01, 9.670315389314854e+04, 1.068638016042863e-04, 3.398862240331057e+04, 2.573306615100984e+02, 7.022031656915134e-01, 6.227317776660091e-02, 1.636608961754702e-05, 0.000000000000000e+00, 0.000000000000000e+00, 0.000000000000000e+00, 0.000000000000000e+00, 3.463237061288860e-06
141, 6.058450553347018e-01, -3.686029844217988e-02, 4.572474885218603e-01, 1.035613077103344e+02, 1.466495613647729e+01, 9.618606488952487e+04, 1.062328958562650e-04, 3.368926882852860e+04, 2.566673353934297e+02, 7.122349697584454e-01, 3.804928366963046e-02, 1.633231047004828e-05, 0.000000000000000e+00, 0.000000000000000e+00, 0.000000000000000e+00, 0.000000000000000e+00, 3.325977508430022e-06
142, 5.900224436869173e-01, -3.908645135955664e-02, 4.539061128210013e-01, 1.042113745040683e+02, 1.455856818204330e+01, 9.557468650813593e+04, 1.054325624176340e-04, 3.335134921185712e+04, 2.559633123301759e+02, 7.227840584522247e-01, 1.070459933271943e-02, 1.629641474000215e-05, 0.000000000000000e+00, 0.000000000000000e+00, 0.000000000000000e+00, 0.000000000000000e+00, 3.162427288689282e-06
143, 5.742157548224263e-01, -4.127899207301830e-02, 4.507582308439342e-01, 1.049564695778797e+02, 1.428676301416212e+01, 9.500712428171340e+04, 1.047363993539167e-04, 3.302458361084687e+04, 2.552254805266461e+02, 7.337385930475210e-01, -1.573749449953302e-02, 1.625874629749209e-05, 0.000000000000000e+00, 0.000000000000000e+00, 0.000000000000000e+00, 0.000000000000000e+00, 3.022684276413988e-06
144, 5.584380649082673e-01, -4.338574627905537e-02, 4.476124806884626e-01, 1.056761587656742e+02, 1.393648225071552e+01, 9.443902253074892e+04, 1.040424699193815e-04, 3.269904097223179e+04, 2.544855768302698e+02, 7.446266616661974e-01, -4.208062538615662e-02, 1.622092164552478e-05, 0.000000000000000e+00, 0.000000000000000e+00, 0.000000000000000e+00, 0.000000000000000e+00, 2.888305256117328e-06
145, 5.427131455772067e-01, -4.543351558974197e-02, 4.438474372781006e-01, 1.062889498285223e+02, 1.360252114512720e+01, 9.374459819714497e+04, 1.031247261731824e-04, 3.232382295127951e+04, 2.536993461690756e+02, 7.560900486793422e-01, -7.244352186882880e-02, 1.618067318725042e-05, 0.000000000000000e+00, 0.000000000000000e+00, 0.000000000000000e+00, 0.000000000000000e+00, 2.722624433826297e-06
146, 5.270578686856771e-01, -4.740169891947585e-02, 4.405198705125928e-01, 1.070484991046918e+02, 1.301983132007970e+01, 9.314477941499332e+04, 1.024170534701555e-04, 3.197828741913685e+04, 2.528832381790019e+02, 7.678827207217190e-01, -1.004044912457958e-01, 1.613883454719940e-05, 0.000000000000000e+00, 0.000000000000000e+00, 0.000000000000000e+00, 0.000000000000000e+00, 2.595536329860815e-06
147, 5.114848528985028e-01, -4.923166708880157e-02, 4.369663959354802e-01, 1.076940050508897e+02, 1.239642434549845e+01, 9.249456231598016e+04, 1.015800754676815e-04, 3.161907261510911e+04, 2.520759621911036e+02, 7.794480828850294e-01, -1.294723965720293e-01, 1.609738763831569e-05, 0.000000000000000e+00, 0.000000000000000e+00, 0.000000000000000e+00, 0.000000000000000e+00, 2.456191546824406e-06
148, 4.960194209705264e-01, -5.097445954262431e-02, 4.332301591815393e-01, 1.082754229289364e+02, 1.169865098980133e+01, 9.180542224312469e+04, 1.006645931017675e-04, 3.124682264350428e+04, 2.512566270638524e+02, 7.910862707816677e-01, -1.595951164905180e-01, 1.605525929209088e-05, 0.000000000000000e+00, 0.000000000000000e+00, 0.000000000000000e+00, 0.000000000000000e+00, 2.312554793127642e-06
149, 4.806722865723487e-01, -5.256084304444948e-02, 4.302851806716719e-01, 1.089752174793989e+02, 1.072240941114373e+01, 9.127783705504907e+04, 1.000771442731233e-04, 3.093782269003064e+04, 2.504746062082890e+02, 8.021079012389879e-01, -1.845996020870770e-01, 1.601499082051047e-05, 0.000000000000000e+00, 0.000000000000000e+00, 0.000000000000000e+00, 0.000000000000000e+00, 2.218397987941000e-06
150, 4.654618455645114e-01, -5.398108234001162e-02, 4.263238898512422e-01, 1.093398373512317e+02, 9.889819766853984e+00, 9.053194636857879e+04, 9.901771632656128e-05, 3.055838813960317e+04, 2.497014810573199e+02, 8.129215910006119e-01, -2.153037029917717e-01, 1.597512382764876e-05, 0.000000000000000e+00, 0.000000000000000e+00, 0.000000000000000e+00, 0.000000000000000e+00, 2.069528175707170e-06
151, 4.504109153622506e-01, -5.529801271744968e-02, 4.235644533295905e-01, 1.099107639532712e+02, 8.698929110708603e+00, 9.003308721415039e+04, 9.837586971251585e-05, 3.027335406945493e+04, 2.489839656573838e+02, 8.228906951016745e-01, -2.383688530716672e-01, 1.593807390837263e-05, 0.000000000000000e+00, 0.000000000000000e+00, 0.000000000000000e+00, 0.000000000000000e+00, 1.981482160702429e-06
152, 4.355238127187188e-01, -5.635054970021211e-02, 4.218180767940779e-01, 1.103893528041975e+02, 7.388512563078271e+00, 8.972446529857174e+04, 9.796111145001087e-05, 3.008614706087793e+04, 2.484687253435544e+02, 8.300187339785728e-01, -2.535177710469504e-01, 1.591143867279708e-05, 0.000000000000000e+00, 0.000000000000000e+00, 0.000000000000000e+00, 0.000000000000000e+00, 1.927803342354279e-06
153, 4.208286281330019e-01, -5.727796331573253e-02, 4.194005529264989e-01, 1.104787544824075e+02, 6.334679465248642e+00, 8.925972052744016e+04, 9.721527433813577e-05, 2.986427580681330e+04, 2.480580551671239e+02, 8.356742141440990e-01, -2.714717432536903e-01, 1.589019112075771e-05, 0.000000000000000e+00, 0.000000000000000e+00, 0.000000000000000e+00, 0.000000000000000e+00, 1.837648214256982e-06
154, 4.063360187708521e-01, -5.802417086973900e-02, 4.186734115975201e-01, 1.108566099425548e+02, 4.900246549449165e+00, 8.914245595778209e+04, 9.714076647145398e-05, 2.977497505084972e+04, 2.477458396693049e+02, 8.399589499824627e-01, -2.786980209315728e-01, 1.587402675772190e-05, 0.000000000000000e+00, 0.000000000000000e+00, 0.000000000000000e+00, 0.000000000000000e+00, 1.825277953259001e-06
155, 3.920608359509276e-01, -5.854956371003567e-02, 4.172958172041416e-01, 1.108274498699318e+02, 3.738802844498468e+00, 8.887122528495325e+04, 9.661565057509721e-05, 2.965497199833399e+04, 2.475619141730938e+02, 8.424798774633306e-01, -2.884087492486520e-01, 1.586450002107996e-05, 0.000000000000000e+00, 0.000000000000000e+00, 0.000000000000000e+00, 0.000000000000000e+00, 1.767822559802236e-06
156, 3.780206423055997e-01, -5.897942075578948e-02, 4.174813463759547e-01, 1.109642355530381e+02, 2.322708129344947e+00, 8.891451336438609e+04, 9.661919858911206e-05, 2.966448465113777e+04, 2.475312744277124e+02, 8.429022020384511e-01, -2.876389789385171e-01, 1.586291266968973e-05, 0.000000000000000e+00, 0.000000000000000e+00, 0.000000000000000e+00, 0.000000000000000e+00, 1.771624935621426e-06
157, 3.642243494485361e-01, -5.913224625589732e-02, 4.188330642395450e-01, 1.109867712162301e+02, 9.039042521472044e-01, 8.917555357578189e+04, 9.687897661709996e-05, 2.978774390897968e+04, 2.477576069534342e+02, 8.398124656302630e-01, -2.776647562802162e-01, 1.587463615471955e-05, 0.000000000000000e+00, 0.000000000000000e+00, 0.000000000000000e+00, 0.000000000000000e+00, 1.808800455881216e-06
158, 3.506878246086593e-01, -5.920199865578017e-02, 4.197224780015694e-01, 1.106713589134964e+02, -1.587738094102794e-01, 8.932316522964867e+04, 9.692003631618458e-05, 2.989294541101344e+04, 2.481057481088418e+02, 8.350379302516268e-01, -2.691517794568587e-01, 1.589265951548779e-05, 0.000000000000000e+00, 0.000000000000000e+00, 0.000000000000000e+00, 0.000000000000000e+00, 1.820754420969112e-06
159, 3.374200838581662e-01, -5.909382070690691e-02, 4.219324070066279e-01, 1.105683766467223e+02, -1.425858006972410e+00, 8.974270522291290e+04, 9.748948740160791e-05, 3.010117791954046e+04, 2.485254981001371e+02, 8.292583190921272e-01, -2.523014637798910e-01, 1.591437476258479e-05, 0.000000000000000e+00, 0.000000000000000e+00, 0.000000000000000e+00, 0.000000000000000e+00, 1.893196179427752e-06
160, 3.244316302967266e-01, -5.886338140298636e-02, 4.236906315211363e-01, 1.102045632883641e+02, -2.385492216455491e+00, 9.005649042419819e+04, 9.775791832962761e-05, 3.028693177744563e+04, 2.490214533443745e+02, 8.224039935548070e-01, -2.372701357415474e-01, 1.594001084409213e-05, 0.000000000000000e+00, 0.000000000000000e+00, 0.000000000000000e+00, 0.000000000000000e+00, 1.935436520852624e-06
161, 3.117291300358889e-01, -5.853773316727373e-02, 4.262824832114343e-01, 1.099614144807700e+02, -3.432756729546756e+00, 9.054161049992908e+04, 9.840871960081127e-05, 3.053811084706688e+04, 2.495600278778314e+02, 8.149256568931813e-01, -2.169445552425933e-01, 1.596782354573538e-05, 0.000000000000000e+00, 0.000000000000000e+00, 0.000000000000000e+00, 0.000000000000000e+00, 2.022781167215577e-06
162, 2.993216103316946e-01, -5.807948549752654e-02, 4.284705885455689e-01, 1.095487487481392e+02, -4.247085069200885e+00, 9.093678957206865e+04, 9.883758948992503e-05, 3.076454495354474e+04, 2.501265684512607e+02, 8.070190399049982e-01, -1.986213539270356e-01, 1.599705087007200e-05, 0.000000000000000e+00, 0.000000000000000e+00, 0.000000000000000e+00, 0.000000000000000e+00, 2.087033651344646e-06
163, 2.872109418896778e-01, -5.758719945638199e-02, 4.309847895278701e-01, 1.092077620472482e+02, -5.069989105306660e+00, 9.140135781099461e+04, 9.945112224781144e-05, 3.101415709347115e+04, 2.506850209159790e+02, 7.991826369670947e-01, -1.784225704406538e-01, 1.602583132324729e-05, 0.000000000000000e+00, 0.000000000000000e+00, 0.000000000000000e+00, 0.000000000000000e+00, 2.174874113982124e-06
164, 2.754062527366409e-01, -5.696920620230869e-02, 4.332982441258954e-01, 1.088099790127817e+02, -5.774767003211598e+00, 9.182353625828058e+04, 9.996912905929006e-05, 3.124914329166445e+04, 2.512358041197153e+02, 7.914125855943960e-01, -1.594073280690531e-01, 1.605418780401007e-05, 0.000000000000000e+00, 0.000000000000000e+00, 0.000000000000000e+00, 0.000000000000000e+00, 2.253553273990679e-06
165, 2.639049690576306e-01, -5.635030352819957e-02, 4.355019680069003e-01, 1.084171477261659e+02, -6.417399016773802e+00, 9.222541551544609e+04, 1.004817081164352e-04, 3.147321666392935e+04, 2.517568841232738e+02, 7.840212135592423e-01, -1.412751589655126e-01, 1.608098884437395e-05, 0.000000000000000e+00, 0.000000000000000e+00, 0.000000000000000e+00, 0.000000000000000e+00, 2.332422684048723e-06
166, 2.527157490794786e-01, -5.562611947866059e-02, 4.377329796642199e-01, 1.080499217501616e+02, -7.052414779985487e+00, 9.263519377668489e+04, 1.010175348655114e-04, 3.169714865718031e+04, 2.522558656141039e+02, 7.769066256353945e-01, -1.231544303475709e-01, 1.610662945170276e-05, 0.000000000000000e+00, 0.000000000000000e+00, 0.000000000000000e+00, 0.000000000000000e+00, 2.416717195957444e-06
167, 2.418335241821803e-01, -5.490969641137632e-02, 4.396969123197123e-01, 1.076492804397105e+02, -7.603717029357968e+00, 9.299109840481244e+04, 1.014616931263057e-04, 3.189907030358516e+04, 2.527289279705739e+02, 7.701265337254030e-01, -1.068147939094242e-01, 1.613091670153158e-05, 0.000000000000000e+00, 0.000000000000000e+00, 0.000000000000000e+00, 0.000000000000000e+00, 2.489609658408424e-06
168, 2.312652604752466e-01, -5.411098563541582e-02, 4.416879983148301e-01, 1.072831734960248e+02, -8.175356995731557e+00, 9.335545271057132e+04, 1.019403302512154e-04, 3.210023843622648e+04, 2.531762745323682e+02, 7.636827619351469e-01, -9.053613231556193e-02, 1.615386449549405e-05, 0.000000000000000e+00, 0.000000000000000e+00, 0.000000000000000e+00, 0.000000000000000e+00, 2.568797799974585e-06
169, 2.210044779199191e-01, -5.332244805558035e-02, 4.435567351787256e-01, 1.069018610185277e+02, -8.716314764028667e+00, 9.369544335570533e+04, 1.023719116429259e-04, 3.229102489033938e+04, 2.536080276697954e+02, 7.574336158598838e-01, -7.509756318227689e-02, 1.617599472436166e-05, 0.000000000000000e+00, 0.000000000000000e+00, 0.000000000000000e+00, 0.000000000000000e+00, 2.642945872654619e-06
170, 2.110568444403800e-01, -5.246327791752697e-02, 4.453322861983663e-01, 1.065161534631978e+02, -9.244852184267200e+00, 9.401751710797999e+04, 1.027788739004369e-04, 3.247324107108149e+04, 2.540222741027574e+02, 7.514086514757352e-01, -6.035250637690490e-02, 1.619721134143532e-05, 0.000000000000000e+00, 0.000000000000000e+00, 0.000000000000000e+00, 0.000000000000000e+00, 2.714585405978415e-06
171, 2.014137053027616e-01, -5.162210974915576e-02, 4.471751252699827e-01, 1.061423390573617e+02, -9.802085878571031e+00, 9.435426639047342e+04, 1.032161718226023e-04, 3.265990464635423e+04, 2.544295913668127e+02, 7.454566514685373e-01, -4.524756339280320e-02, 1.621805755024876e-05, 0.000000000000000e+00, 0.000000000000000e+00, 0.000000000000000e+00, 0.000000000000000e+00, 2.792697097506191e-06
172, 1.920809452340358e-01, -5.071087887254322e-02, 4.488633499647210e-01, 1.057323070846262e+02, -1.032348170528870e+01, 9.465879584452909e+04, 1.035927386825289e-04, 3.283486316387320e+04, 2.548305019517976e+02, 7.395700356469880e-01, -3.108980161284309e-02, 1.623856087318683e-05, 0.000000000000000e+00, 0.000000000000000e+00, 0.000000000000000e+00, 0.000000000000000e+00, 2.862604056281554e-06
173, 1.830466212622451e-01, -4.982878666275810e-02, 4.506171068151884e-01, 1.053257824319546e+02, -1.087324850409233e+01, 9.497709817048810e+04, 1.039870811927764e-04, 3.301466423694704e+04, 2.552287275248888e+02, 7.336946728679609e-01, -1.654017695633256e-02, 1.625891217602555e-05, 0.000000000000000e+00, 0.000000000000000e+00, 0.000000000000000e+00, 0.000000000000000e+00, 2.937528346056679e-06
174, 1.743175810760159e-01, -4.887709281812853e-02, 4.525821664394221e-01, 1.049163699776711e+02, -1.145543035149333e+01, 9.533729011271251e+04, 1.044582441060998e-04, 3.321264009176574e+04, 2.556444140259549e+02, 7.275322734324446e-01, -5.198366467893950e-04, 1.628014021366497e-05, 0.000000000000000e+00, 0.000000000000000e+00, 0.000000000000000e+00, 0.000000000000000e+00, 3.027399881494309e-06
175, 1.658797462741169e-01, -4.795438910929962e-02, 4.541911741978087e-01, 1.044283990479767e+02, -1.192362160405934e+01, 9.562256375501763e+04, 1.047803566026634e-04, 3.338435004925644e+04, 2.560557778194540e+02, 7.214005305321709e-01, 1.337504945463581e-02, 1.630113183658954e-05, 0.000000000000000e+00, 0.000000000000000e+00, 0.000000000000000e+00, 0.000000000000000e+00, 3.093539971328380e-06
176, 1.577376695495362e-01, -4.698401362865122e-02, 4.562488202759257e-01, 1.040142320061663e+02, -1.252479008842990e+01, 9.600189959130774e+04, 1.053095945243238e-04, 3.358942429380149e+04, 2.564667988615067e+02, 7.152412063558059e-01, 2.996979627031540e-02, 1.632209043241893e-05, 0.000000000000000e+00, 0.000000000000000e+00, 0.000000000000000e+00, 0.000000000000000e+00, 3.196519222621363e-06
177, 1.498794697990941e-01, -4.602771307389673e-02, 4.577681775089252e-01, 1.034886583463013e+02, -1.296272775185297e+01, 9.626815634765886e+04, 1.055830345372296e-04, 3.375466712001039e+04, 2.568730699123086e+02, 7.091196044733884e-01, 4.334135772664319e-02, 1.634279158320130e-05, 0.000000000000000e+00, 0.000000000000000e+00, 0.000000000000000e+00, 0.000000000000000e+00, 3.257619756316548e-06
178, 1.423047168284841e-01, -4.505093985914186e-02, 4.599471641722001e-01, 1.030687929838144e+02, -1.359481087824793e+01, 9.667240055075819e+04, 1.061721040106277e-04, 3.396929216629639e+04, 2.572817002610204e+02, 7.029287843080736e-01, 6.070896189030162e-02, 1.636359769675142e-05, 0.000000000000000e+00, 0.000000000000000e+00, 0.000000000000000e+00, 0.000000000000000e+00, 3.375617974781189e-06
179, 1.350063958923512e-01, -4.406592744892338e-02, 4.612707624221948e-01, 1.024927321713699e+02, -1.399438620721081e+01, 9.689797448616705e+04, 1.063772799192360e-04, 3.411957078324728e+04, 2.576783771892165e+02, 6.968837927974996e-01, 7.286960939454125e-02, 1.638378057388113e-05, 0.000000000000000e+00, 0.000000000000000e+00, 0.000000000000000e+00, 0.000000000000000e+00, 3.425861377818239e-06
180, 1.279762819762472e-01, -4.309455199307908e-02, 4.634300817218275e-01, 1.020514517884265e+02, -1.466941793948985e+01, 9.729870432054809e+04, 1.069537241598846e-04, 3.433208395062334e+04, 2.580752105013894e+02, 6.908028193125018e-01, 9.006631888591411e-02, 1.640395703288520e-05, 0.000000000000000e+00, 0.000000000000000e+00, 0.000000000000000e+00, 0.000000000000000e+00, 3.546933984326031e-06
181, 1.212159658124353e-01, -4.208360447017328e-02, 4.650923833094837e-01, 1.014571137051498e+02, -1.517203682737471e+01, 9.759169169813124e+04, 1.072790275969732e-04, 3.451123743297347e+04, 2.584947039422603e+02, 6.843386803315193e-01, 1.045635400622899e-01, 1.642527000974842e-05, 0.000000000000000e+00, 0.000000000000000e+00, 0.000000000000000e+00, 0.000000000000000e+00, 3.623743917621390e-06
182, 1.147082635811258e-01, -4.111043320256775e-02, 4.668483254789311e-01, 1.008770940306169e+02, -1.571862353020316e+01, 9.790499332456214e+04, 1.076484112333756e-04, 3.469662275016747e+04, 2.589057787981635e+02, 6.779635266133296e-01, 1.195650455365823e-01, 1.644613973522724e-05, 0.000000000000000e+00, 0.000000000000000e+00, 0.000000000000000e+00, 0.000000000000000e+00, 3.710686585523514e-06
183, 1.084592779133720e-01, -4.009588298745634e-02, 4.694511677689882e-01, 1.003320741593469e+02, -1.644087988360194e+01, 9.838913093376874e+04, 1.083390637580284e-04, 3.495185988297507e+04, 2.593643086835975e+02, 6.708095892960705e-01, 1.402190072580983e-01, 1.646940058211175e-05, 0.000000000000000e+00, 0.000000000000000e+00, 0.000000000000000e+00, 0.000000000000000e+00, 3.866802540838397e-06
184, 1.024527175866022e-01, -3.910214911791061e-02, 4.706177060363040e-01, 9.957884091631350e+01, -1.673098599476475e+01, 9.857512214053690e+04, 1.084641215176797e-04, 3.509707484362758e+04, 2.597963256828962e+02, 6.640160327381013e-01, 1.519699002638159e-01, 1.649129901241529e-05, 0.000000000000000e+00, 0.000000000000000e+00, 0.000000000000000e+00, 0.000000000000000e+00, 3.905773024046533e-06
185, 9.668432348574746e-02, -3.811751766903365e-02, 4.731335388357119e-01, 9.904870419791584e+01, -1.751041879614574e+01, 9.904524261392538e+04, 1.091731254579626e-04, 3.534139301203271e+04, 2.602137695580888e+02, 6.574061319514160e-01, 1.717402919877906e-01, 1.651244270398977e-05, 0.000000000000000e+00, 0.000000000000000e+00, 0.000000000000000e+00, 0.000000000000000e+00, 4.069576387439474e-06
186, 9.115391240344912e-02, -3.710465913948952e-02, 4.748552500181576e-01, 9.830140215771466e+01, -1.800322263344815e+01, 9.934437115992553e+04, 1.094880172303054e-04, 3.553129536442868e+04, 2.606634519003729e+02, 6.502397117765604e-01, 1.871073190111224e-01, 1.653520167550533e-05, 0.000000000000000e+00, 0.000000000000000e+00, 0.000000000000000e+00, 0.000000000000000e+00, 4.154676706187903e-06
187, 8.584283036459039e-02, -3.613196928621894e-02, 4.766192058919779e-01, 9.757856810384254e+01, -1.854442944389620e+01, 9.965456242357216e+04, 1.098305588766919e-04, 3.572205355667894e+04, 2.610929972611757e+02, 6.433405948617775e-01, 2.025436011753342e-01, 1.655692446392791e-05, 0.000000000000000e+00, 0.000000000000000e+00, 0.000000000000000e+00, 0.000000000000000e+00, 4.247323427564657e-06
188, 8.075792633776491e-02, -3.512897700516761e-02, 4.798855217057348e-01, 9.692141561837158e+01, -1.941813207326450e+01, 1.002690376367724e+05, 1.107637583966270e-04, 3.603546692073155e+04, 2.615910322837075e+02, 6.352836694363623e-01, 2.279052229462289e-01, 1.658209009674702e-05, 0.000000000000000e+00, 0.000000000000000e+00, 0.000000000000000e+00, 0.000000000000000e+00, 4.479351270810519e-06
189, 7.588448332616331e-02, -3.413676791308055e-02, 4.804010358848934e-01, 9.596657838300411e+01, -1.953868576081069e+01, 1.003169357644243e+05, 1.106708196586887e-04, 3.613371696769223e+04, 2.620227790702210e+02, 6.282282161508079e-01, 2.358556833151467e-01, 1.660388816727231e-05, 0.000000000000000e+00, 0.000000000000000e+00, 0.000000000000000e+00, 0.000000000000000e+00, 4.467132049264548e-06
190, 7.121000560851248e-02, -3.318506717888292e-02, 4.828513068753683e-01, 9.530824192399224e+01, -2.050578895358497e+01, 1.007735956680540e+05, 1.112938155808312e-04, 3.637276118923892e+04, 2.624177486800612e+02, 6.217241603321237e-01, 2.551993036859990e-01, 1.662381479140350e-05, 0.000000000000000e+00, 0.000000000000000e+00, 0.000000000000000e+00, 0.000000000000000e+00, 4.634488522504093e-06
191, 6.674984244976845e-02, -3.217144846711269e-02, 4.865723935863851e-01, 9.441503684561270e+01, -2.147457169631374e+01, 1.014695580222268e+05, 1.122634218159596e-04, 3.673419051797891e+04, 2.629985502177602e+02, 6.120979232892989e-01, 2.844464098523886e-01, 1.665309147355030e-05, 0.000000000000000e+00, 0.000000000000000e+00, 0.000000000000000e+00, 0.000000000000000e+00, 4.902772125061606e-06
192, 6.247524815515512e-02, -3.119829539714782e-02, 4.869803065518232e-01, 9.324243048429251e+01, -2.143857226600204e+01, 1.014848035724933e+05, 1.121096389879271e-04, 3.683452372840526e+04, 2.634959869943769e+02, 6.037436703833212e-01, 2.925654412203856e-01, 1.667814201056321e-05, 0.000000000000000e+00, 0.000000000000000e+00, 0.000000000000000e+00, 0.000000000000000e+00, 4.872986088288140e-06
193, 5.838390117503658e-02, -3.024798027237208e-02, 4.900722841232111e-01, 9.244617603000708e+01, -2.256457265278571e+01, 1.020662553760241e+05, 1.129632900590363e-04, 3.713094306864070e+04, 2.639405900558203e+02, 5.962015068753859e-01, 3.165518950697742e-01, 1.670051322235291e-05, 0.000000000000000e+00, 0.000000000000000e+00, 0.000000000000000e+00, 0.000000000000000e+00, 5.113679924713033e-06
194, 5.448670424962981e-02, -2.924842731796740e-02, 4.936282095181716e-01, 9.131229297149845e+01, -2.341911405170878e+01, 1.027200703107166e+05, 1.138347514955119e-04, 3.748758974603688e+04, 2.645561691810910e+02, 5.856726130952095e-01, 3.454119858489601e-01, 1.673145847049434e-05, 0.000000000000000e+00, 0.000000000000000e+00, 0.000000000000000e+00, 0.000000000000000e+00, 5.378121538531910e-06
195, 5.075502870001913e-02, -2.829132728122659e-02, 4.941790861467578e-01, 9.003051555466148e+01, -2.344582862967313e+01, 1.027619020481335e+05, 1.137340371973348e-04, 3.760190088292670e+04, 2.650670737600211e+02, 5.768029465373371e-01, 3.546621204970599e-01, 1.675711618586528e-05, 0.000000000000000e+00, 0.000000000000000e+00, 0.000000000000000e+00, 0.000000000000000e+00, 5.360387380263100e-06
196, 4.719026843410735e-02, -2.734833923854655e-02, 4.977635246715144e-01, 8.899652113629682e+01, -2.472071554077023e+01, 1.034354378012399e+05, 1.146953561970351e-04, 3.794624433475140e+04, 2.655682031215253e+02, 5.680055864713327e-01, 3.825266259270088e-01, 1.678226054283843e-05, 0.000000000000000e+00, 0.000000000000000e+00, 0.000000000000000e+00, 0.000000000000000e+00, 5.657535416507993e-06
197, 4.380244360936172e-02, -2.636009591862829e-02, 5.016911313876626e-01, 8.755700634021157e+01, -2.553995278567482e+01, 1.041528976566185e+05, 1.156676726955669e-04, 3.834496787364011e+04, 2.662577757283934e+02, 5.557590912615753e-01, 4.147916048471510e-01, 1.681682385931867e-05, 0.000000000000000e+00, 0.000000000000000e+00, 0.000000000000000e+00, 0.000000000000000e+00, 5.975716216146212e-06
198, 4.056131355275532e-02, -2.541464410422757e-02, 5.021147243109072e-01, 8.606045880876705e+01, -2.545675980285804e+01, 1.041614016356055e+05, 1.155101849328997e-04, 3.845634994060911e+04, 2.668059124173505e+02, 5.458438181899140e-01, 4.238047171726809e-01, 1.684426812826543e-05, 0.000000000000000e+00, 0.000000000000000e+00, 0.000000000000000e+00, 0.000000000000000e+00, 5.938164454743168e-06
199, 3.746877880450988e-02, -2.448665439286263e-02, 5.060529009898861e-01, 8.474125809959165e+01, -2.688803447435946e+01, 1.048999411909816e+05, 1.165396736914498e-04, 3.883617372504594e+04, 2.673442585061395e+02, 5.359750436300776e-01, 4.545403151571363e-01, 1.687119649972087e-05, 0.000000000000000e+00, 0.000000000000000e+00, 0.000000000000000e+00, 0.000000000000000e+00, 6.287860141394991e-06
200, 3.454138043821732e-02, -2.350455731866372e-02, 5.110330613436012e-01, 8.291265303152883e+01, -2.781466501324336e+01, 1.058177042857599e+05, 1.178376408881380e-04, 3.933386495356554e+04, 2.681315815867120e+02, 5.213228458391489e-01, 4.948138265773048e-01, 1.691053310004228e-05, 0.000000000000000e+00, 0.000000000000000e+00, 0.000000000000000e+00, 0.000000000000000e+00, 6.746546898206790e-06
201, 3.174286270301362e-02, -2.256569771162017e-02, 5.109629145044585e-01, 8.111005175092187e+01, -2.734302831478202e+01, 1.057134403620508e+05, 1.174779386044767e-04, 3.941766051048096e+04, 2.687396886784466e+02, 5.097340015689817e-01, 5.015946198181882e-01, 1.694087854113602e-05, 0.000000000000000e+00, 0.000000000000000e+00, 0.000000000000000e+00, 0.000000000000000e+00, 6.636199674292915e-06
202, 2.907102490275916e-02, -2.166051910649765e-02, 5.149906128414586e-01, 7.946874580228270e+01, -2.895865392247879e+01, 1.064663597399069e+05, 1.185451385634454e-04, 3.980828541201944e+04, 2.692802518814540e+02, 4.992528729819816e-01, 5.332042515167552e-01, 1.696782637742976e-05, 0.000000000000000e+00, 0.000000000000000e+00, 0.000000000000000e+00, 0.000000000000000e+00, 7.029880143748365e-06
203, 2.656090557585195e-02, -2.067740534050320e-02, 5.212881104864026e-01, 7.705972827719934e+01, -3.017949280131420e+01, 1.076374576492128e+05, 1.201990634605308e-04, 4.042726016705681e+04, 2.701636001493408e+02, 4.818075619685099e-01, 5.832921080778275e-01, 1.701180786012342e-05, 0.000000000000000e+00, 0.000000000000000e+00, 0.000000000000000e+00, 0.000000000000000e+00, 7.675974489861532e-06
204, 2.416288493801039e-02, -1.973819616629012e-02, 5.215319532276601e-01, 7.474053077341307e+01, -2.927409220127318e+01, 1.075746701037870e+05, 1.198439664342770e-04, 4.055902445288138e+04, 2.709174155420411e+02, 4.664443760719927e-01, 5.939545633630267e-01, 1.704928648337772e-05, 0.000000000000000e+00, 0.000000000000000e+00, 0.000000000000000e+00, 0.000000000000000e+00, 7.562811716990234e-06
205, 2.187241826412661e-02, -1.884111159604336e-02, 5.253463038196836e-01, 7.258215201420327e+01, -3.064967388329806e+01, 1.082710946870660e+05, 1.208917537665683e-04, 4.094520765695621e+04, 2.715111956732451e+02, 4.540173619583080e-01, 6.252047698933840e-01, 1.707877381368267e-05, 0.000000000000000e+00, 0.000000000000000e+00, 0.000000000000000e+00, 0.000000000000000e+00, 7.978503553915141e-06
206, 1.973486810730898e-02, -1.786839423650334e-02, 5.321670462084894e-01, 6.946588472575915e+01, -3.201894854913121e+01, 1.095384476359923e+05, 1.226530261995517e-04, 4.161654985269839e+04, 2.724259288699312e+02, 4.343938778369608e-01, 6.795302352376038e-01, 1.712414035921938e-05, 0.000000000000000e+00, 0.000000000000000e+00, 0.000000000000000e+00, 0.000000000000000e+00, 8.746265139131974e-06
207, 1.770277641658462e-02, -1.691909139656519e-02, 5.340685071812735e-01, 6.638997210360014e+01, -3.101511073802018e+01, 1.097902146477280e+05, 1.227543694292885e-04, 4.190527061055756e+04, 2.733392670138576e+02, 4.139736938279803e-01, 7.028937145849660e-01, 1.716936605047566e-05, 0.000000000000000e+00, 0.000000000000000e+00, 0.000000000000000e+00, 0.000000000000000e+00, 8.824900367225867e-06
208, 1.576289670480662e-02, -1.601286589112415e-02, 5.372476885800520e-01, 6.344671382082630e+01, -3.151020277739519e+01, 1.103327916670735e+05, 1.235503849783499e-04, 4.226493613095850e+04, 2.740539125204589e+02, 3.973198815208585e-01, 7.319980921855003e-01, 1.720470333128031e-05, 0.000000000000000e+00, 0.000000000000000e+00, 0.000000000000000e+00, 0.000000000000000e+00, 9.177650147418839e-06
209, 1.395750783623160e-02, -1.505910586088072e-02, 5.440716500672171e-01, 5.944686655597643e+01, -3.273727739447464e+01, 1.115929208130729e+05, 1.253444370807310e-04, 4.294413422798928e+04, 2.749654328835583e+02, 3.752337649408156e-01, 7.869592623847225e-01, 1.724971235934409e-05, 0.000000000000000e+00, 0.000000000000000e+00, 0.000000000000000e+00, 0.000000000000000e+00, 1.004051633058812e-05
210, 1.226659034898002e-02, -1.408738649402051e-02, 5.483022362246365e-01, 5.520878964590378e+01, -3.172624091860474e+01, 1.122992650024865e+05, 1.261974761753846e-04, 4.344075350030486e+04, 2.759991076074459e+02, 3.486979727603191e-01, 8.271460303825631e-01, 1.730066773192064e-05, 0.000000000000000e+00, 0.000000000000000e+00, 0.000000000000000e+00, 0.000000000000000e+00, 1.049293427196712e-05
211, 1.065317753345411e-02, -1.316020672835655e-02, 5.506015254033755e-01, 5.125516002749290e+01, -3.071908957719297e+01, 1.126356187211946e+05, 1.265034834251747e-04, 4.375721007424998e+04, 2.768487449145264e+02, 3.253661918744048e-01, 8.527539107598727e-01, 1.734248321886114e-05, 0.000000000000000e+00, 0.000000000000000e+00, 0.000000000000000e+00, 0.000000000000000e+00, 1.067568496402634e-05
212, 9.150484042417025e-03, -1.221990495260345e-02, 5.574348716939028e-01, 4.593032829569275e+01, -3.129354656241649e+01, 1.138876622606853e+05, 1.285019563154699e-04, 4.444681665119374e+04, 2.777645856112469e+02, 2.984139911810978e-01, 9.085573422058699e-01, 1.738748881014232e-05, 0.000000000000000e+00, 0.000000000000000e+00, 0.000000000000000e+00, 0.000000000000000e+00, 1.170665069348672e-05
213, 7.791038001617106e-03, -1.121012334041452e-02, 5.635378479778282e-01, 3.988021160105248e+01, -2.962055570854477e+01, 1.149614202324127e+05, 1.300324359327275e-04, 4.510874099220046e+04, 2.788482748679135e+02, 2.633296859029044e-01, 9.621207083638729e-01, 1.744065173255540e-05, 0.000000000000000e+00, 0.000000000000000e+00, 0.000000000000000e+00, 0.000000000000000e+00, 1.257895175028982e-05
214, 6.494444010217025e-03, -1.024702754131973e-02, 5.652002641462185e-01, 3.462144610865803e+01, -2.626982815512291e+01, 1.151509589010453e+05, 1.297938136034803e-04, 4.539203695063459e+04, 2.797741990796734e+02, 2.293147672642321e-01, 9.850452092662133e-01, 1.748599731927161e-05, 0.000000000000000e+00, 0.000000000000000e+00, 0.000000000000000e+00, 0.000000000000000e+00, 1.254641834511837e-05
215, 5.279235440921013e-03, -9.304445774729485e-03, 5.719008001701301e-01, 2.750132323531868e+01, -2.468664786361214e+01, 1.163746455690251e+05, 1.324704581587493e-04, 4.607223925521861e+04, 2.806396059944386e+02, 1.924164105723847e-01, 1.040087640621040e+00, 1.752831460928823e-05, 0.000000000000000e+00, 0.000000000000000e+00, 0.000000000000000e+00, 0.000000000000000e+00, 1.394497010106094e-05
216, 4.263096042149984e-03, -8.243994038661851e-03, 5.771347291701515e-01, 1.951190221426499e+01, -2.036063991387202e+01, 1.172936353708776e+05, 1.337662116227542e-04, 4.664186165823527e+04, 2.815328086259040e+02, 1.452669223311635e-01, 1.086181871418141e+00, 1.757192589338453e-05, 0.000000000000000e+00, 0.000000000000000e+00, 0.000000000000000e+00, 0.000000000000000e+00, 1.478812907033958e-05
217, 3.294286898586256e-03, -7.232936560275604e-03, 5.785238541887463e-01, 1.268716414899048e+01, -1.337015502103849e+01, 1.174634519754149e+05, 1.335287441809700e-04, 4.686793526844017e+04, 2.822181209072338e+02, 9.460221485794928e-02, 1.104475901131039e+00, 1.760534203660379e-05, 0.000000000000000e+00, 0.000000000000000e+00, 0.000000000000000e+00, 0.000000000000000e+00, 1.475178916766469e-05
218, 2.381175218855377e-03, -6.261242297318232e-03, 5.827390052553495e-01, 4.660264921035138e+00, -6.251653711443519e+00, 1.182500517425833e+05, 1.390801420783926e-04, 4.727915329577349e+04, 2.826350037839380e+02, 3.970272565199716e-02, 1.137751942521700e+00, 1.762565048642693e-05, 0.000000000000000e+00, 0.000000000000000e+00, 0.000000000000000e+00, 0.000000000000000e+00, 1.731336038031120e-05
219, 1.747963937156901e-03, -5.157505245941265e-03, 5.813630675228600e-01, -2.334072462643095e+00, 4.064232406369327e+00, 1.179610608146185e+05, 1.278958593504881e-04, 4.717686764378724e+04, 2.826910172767483e+02, 2.391784286471922e-02, 1.129474918259808e+00, 1.762837809298132e-05, 0.000000000000000e+00, 0.000000000000000e+00, 0.000000000000000e+00, 0.000000000000000e+00, 1.288669622988513e-05
220, 1.144435926697690e-03, -4.105508470234954e-03, 5.815588250406645e-01, -9.354792767603159e+00, 1.665899285300424e+01, 1.180839515773876e+05, 1.307781315834255e-04, 4.710804416761423e+04, 2.821835991448930e+02, 9.755699000136572e-02, 1.123905675936864e+00, 1.760365966674100e-05, 0.000000000000000e+00, 0.000000000000000e+00, 0.000000000000000e+00, 0.000000000000000e+00, 1.398561431192726e-05
221, 5.896853182340508e-04, -3.095358148869768e-03, 5.744979995643990e-01, -1.167111954538084e+01, 3.210164568929671e+01, 1.168498300813567e+05, 1.303506986994271e-04, 4.633375805516124e+04, 2.809566727299420e+02, 1.769409150598471e-01, 1.061249919103237e+00, 1.754380319684239e-05, 0.000000000000000e+00, 0.000000000000000e+00, 0.000000000000000e+00, 0.000000000000000e+00, 1.336791426998829e-05
222, 3.835549112578203e-04, -2.013344716901515e-03, 5.599219055598099e-01, -8.877370474792277e+00, 4.656494679790065e+01, 1.141756449693685e+05, 1.241961594993685e-04, 4.486760963463771e+04, 2.791488348484354e+02, 2.527651395670685e-01, 9.426081955324724e-01, 1.745537899797101e-05, 0.000000000000000e+00, 0.000000000000000e+00, 0.000000000000000e+00, 0.000000000000000e+00, 1.044067739787019e-05
223, 1.871406774526362e-04, -9.823331241699839e-04, 5.580124219987216e-01, -1.201003961499307e+01, 6.309513558029241e+01, 1.142660313163070e+05, 1.246897482284209e-04, 4.422786580504547e+04, 2.761102070055571e+02, 3.455337862404048e-01, 8.908396913864309e-01, 1.730613903128321e-05, 0.000000000000000e+00, 0.000000000000000e+00, 0.000000000000000e+00, 0.000000000000000e+00, 1.069210262925501e-05
